,Country,FoodItem,UnitofMeasurement,AveragePrice,Currency,PriceinUSD,Availability,Quality,Year_Month
0,Australia,Bread,Loaf,2.2,AUD,1.47,1,High,2018-1
1,Australia,Bread,Loaf,2.2,AUD,1.48,1,High,2018-2
2,Australia,Bread,Loaf,2.2,AUD,1.48,1,High,2018-3
3,Australia,Bread,Loaf,2.21,AUD,1.48,1,High,2018-4
4,Australia,Bread,Loaf,2.21,AUD,1.48,1,High,2018-5
5,Australia,Bread,Loaf,2.22,AUD,1.49,1,High,2018-6
6,Australia,Bread,Loaf,2.22,AUD,1.49,1,High,2018-7
7,Australia,Bread,Loaf,2.22,AUD,1.49,1,High,2018-8
8,Australia,Bread,Loaf,2.23,AUD,1.5,1,High,2018-9
9,Australia,Bread,Loaf,2.23,AUD,1.5,1,High,2018-10
10,Australia,Bread,Loaf,2.24,AUD,1.5,1,High,2018-11
11,Australia,Bread,Loaf,2.24,AUD,1.5,1,High,2018-12
12,Australia,Bread,Loaf,2.24,AUD,1.51,1,High,2019-1
13,Australia,Bread,Loaf,2.25,AUD,1.51,1,High,2019-2
14,Australia,Bread,Loaf,2.26,AUD,1.52,1,High,2019-3
15,Australia,Bread,Loaf,2.27,AUD,1.53,1,High,2019-4
16,Australia,Bread,Loaf,2.28,AUD,1.53,1,High,2019-5
17,Australia,Bread,Loaf,2.29,AUD,1.54,1,High,2019-6
18,Australia,Bread,Loaf,2.3,AUD,1.55,1,High,2019-7
19,Australia,Bread,Loaf,2.31,AUD,1.55,1,High,2019-8
20,Australia,Bread,Loaf,2.32,AUD,1.56,1,High,2019-9
21,Australia,Bread,Loaf,2.33,AUD,1.57,1,High,2019-10
22,Australia,Bread,Loaf,2.34,AUD,1.57,1,High,2019-11
23,Australia,Bread,Loaf,2.35,AUD,1.58,1,High,2019-12
24,Australia,Bread,Loaf,2.36,AUD,1.59,1,High,2020-1
25,Australia,Bread,Loaf,2.37,AUD,1.59,1,High,2020-2
26,Australia,Bread,Loaf,2.37,AUD,1.59,1,High,2020-3
27,Australia,Bread,Loaf,2.37,AUD,1.59,1,High,2020-4
28,Australia,Bread,Loaf,2.38,AUD,1.59,1,High,2020-5
29,Australia,Bread,Loaf,2.38,AUD,1.6,1,High,2020-6
30,Australia,Bread,Loaf,2.38,AUD,1.6,1,High,2020-7
31,Australia,Bread,Loaf,2.39,AUD,1.6,1,High,2020-8
32,Australia,Bread,Loaf,2.39,AUD,1.6,1,High,2020-9
33,Australia,Bread,Loaf,2.39,AUD,1.6,1,High,2020-10
34,Australia,Bread,Loaf,2.39,AUD,1.61,1,High,2020-11
35,Australia,Bread,Loaf,2.4,AUD,1.61,1,High,2020-12
36,Australia,Bread,Loaf,2.4,AUD,1.61,1,High,2021-1
37,Australia,Bread,Loaf,2.43,AUD,1.63,1,High,2021-2
38,Australia,Bread,Loaf,2.45,AUD,1.64,1,High,2021-3
39,Australia,Bread,Loaf,2.48,AUD,1.66,1,High,2021-4
40,Australia,Bread,Loaf,2.5,AUD,1.68,1,High,2021-5
41,Australia,Bread,Loaf,2.53,AUD,1.69,1,High,2021-6
42,Australia,Bread,Loaf,2.55,AUD,1.71,1,High,2021-7
43,Australia,Bread,Loaf,2.58,AUD,1.73,1,High,2021-8
44,Australia,Bread,Loaf,2.6,AUD,1.74,1,High,2021-9
45,Australia,Bread,Loaf,2.63,AUD,1.76,1,High,2021-10
46,Australia,Bread,Loaf,2.65,AUD,1.78,1,High,2021-11
47,Australia,Bread,Loaf,2.68,AUD,1.8,1,High,2021-12
48,Australia,Bread,Loaf,2.7,AUD,1.81,1,High,2022-1
49,Australia,Bread,Loaf,2.72,AUD,1.83,1,High,2022-2
50,Australia,Bread,Loaf,2.74,AUD,1.84,1,High,2022-3
51,Australia,Bread,Loaf,2.76,AUD,1.85,1,High,2022-4
52,Australia,Bread,Loaf,2.78,AUD,1.87,1,High,2022-5
53,Australia,Bread,Loaf,2.8,AUD,1.88,1,High,2022-6
54,Australia,Bread,Loaf,2.82,AUD,1.89,1,High,2022-7
55,Australia,Bread,Loaf,2.84,AUD,1.91,1,High,2022-8
56,Australia,Bread,Loaf,2.86,AUD,1.92,1,High,2022-9
57,Australia,Bread,Loaf,2.88,AUD,1.93,1,High,2022-10
58,Australia,Bread,Loaf,2.9,AUD,1.95,1,High,2022-11
59,Australia,Bread,Loaf,2.92,AUD,1.96,1,High,2022-12
60,Australia,Milk,1L,1.22,AUD,0.82,1,High,2018-1
61,Australia,Milk,1L,1.23,AUD,0.83,1,High,2018-2
62,Australia,Milk,1L,1.24,AUD,0.83,1,High,2018-3
63,Australia,Milk,1L,1.25,AUD,0.84,1,High,2018-4
64,Australia,Milk,1L,1.26,AUD,0.84,1,High,2018-5
65,Australia,Milk,1L,1.27,AUD,0.85,1,High,2018-6
66,Australia,Milk,1L,1.28,AUD,0.86,1,High,2018-7
67,Australia,Milk,1L,1.28,AUD,0.86,1,High,2018-8
68,Australia,Milk,1L,1.29,AUD,0.87,1,High,2018-9
69,Australia,Milk,1L,1.3,AUD,0.87,1,High,2018-10
70,Australia,Milk,1L,1.31,AUD,0.88,1,High,2018-11
71,Australia,Milk,1L,1.32,AUD,0.89,1,High,2018-12
72,Australia,Milk,1L,1.33,AUD,0.89,1,High,2019-1
73,Australia,Milk,1L,1.34,AUD,0.9,1,High,2019-2
74,Australia,Milk,1L,1.35,AUD,0.9,1,High,2019-3
75,Australia,Milk,1L,1.36,AUD,0.91,1,High,2019-4
76,Australia,Milk,1L,1.37,AUD,0.92,1,High,2019-5
77,Australia,Milk,1L,1.37,AUD,0.92,1,High,2019-6
78,Australia,Milk,1L,1.38,AUD,0.93,1,High,2019-7
79,Australia,Milk,1L,1.39,AUD,0.93,1,High,2019-8
80,Australia,Milk,1L,1.4,AUD,0.94,1,High,2019-9
81,Australia,Milk,1L,1.41,AUD,0.95,1,High,2019-10
82,Australia,Milk,1L,1.42,AUD,0.95,1,High,2019-11
83,Australia,Milk,1L,1.43,AUD,0.96,1,High,2019-12
84,Australia,Milk,1L,1.44,AUD,0.96,1,High,2020-1
85,Australia,Milk,1L,1.44,AUD,0.97,1,High,2020-2
86,Australia,Milk,1L,1.45,AUD,0.97,1,High,2020-3
87,Australia,Milk,1L,1.45,AUD,0.97,1,High,2020-4
88,Australia,Milk,1L,1.46,AUD,0.98,1,High,2020-5
89,Australia,Milk,1L,1.46,AUD,0.98,1,High,2020-6
90,Australia,Milk,1L,1.47,AUD,0.98,1,High,2020-7
91,Australia,Milk,1L,1.47,AUD,0.99,1,High,2020-8
92,Australia,Milk,1L,1.48,AUD,0.99,1,High,2020-9
93,Australia,Milk,1L,1.48,AUD,0.99,1,High,2020-10
94,Australia,Milk,1L,1.49,AUD,1,1,High,2020-11
95,Australia,Milk,1L,1.49,AUD,1,1,High,2020-12
96,Australia,Milk,1L,1.5,AUD,1,1,High,2021-1
97,Australia,Milk,1L,1.52,AUD,1.02,1,High,2021-2
98,Australia,Milk,1L,1.54,AUD,1.03,1,High,2021-3
99,Australia,Milk,1L,1.56,AUD,1.04,1,High,2021-4
100,Australia,Milk,1L,1.58,AUD,1.06,1,High,2021-5
101,Australia,Milk,1L,1.6,AUD,1.07,1,High,2021-6
102,Australia,Milk,1L,1.62,AUD,1.09,1,High,2021-7
103,Australia,Milk,1L,1.64,AUD,1.1,1,High,2021-8
104,Australia,Milk,1L,1.66,AUD,1.11,1,High,2021-9
105,Australia,Milk,1L,1.68,AUD,1.13,1,High,2021-10
106,Australia,Milk,1L,1.7,AUD,1.14,1,High,2021-11
107,Australia,Milk,1L,1.72,AUD,1.15,1,High,2021-12
108,Australia,Milk,1L,1.74,AUD,1.17,1,High,2022-1
109,Australia,Milk,1L,1.74,AUD,1.17,1,High,2022-2
110,Australia,Milk,1L,1.74,AUD,1.17,1,High,2022-3
111,Australia,Milk,1L,1.75,AUD,1.17,1,High,2022-4
112,Australia,Milk,1L,1.75,AUD,1.17,1,High,2022-5
113,Australia,Milk,1L,1.75,AUD,1.18,1,High,2022-6
114,Australia,Milk,1L,1.76,AUD,1.18,1,High,2022-7
115,Australia,Milk,1L,1.76,AUD,1.18,1,High,2022-8
116,Australia,Milk,1L,1.76,AUD,1.18,1,High,2022-9
117,Australia,Milk,1L,1.76,AUD,1.18,1,High,2022-10
118,Australia,Milk,1L,1.77,AUD,1.19,1,High,2022-11
119,Australia,Milk,1L,1.77,AUD,1.19,1,High,2022-12
120,Australia,Eggs,Cartonof12,3.1,AUD,2.08,1,High,2018-1
121,Australia,Eggs,Cartonof12,3.12,AUD,2.09,1,High,2018-2
122,Australia,Eggs,Cartonof12,3.13,AUD,2.1,1,High,2018-3
123,Australia,Eggs,Cartonof12,3.14,AUD,2.11,1,High,2018-4
124,Australia,Eggs,Cartonof12,3.15,AUD,2.12,1,High,2018-5
125,Australia,Eggs,Cartonof12,3.17,AUD,2.13,1,High,2018-6
126,Australia,Eggs,Cartonof12,3.18,AUD,2.13,1,High,2018-7
127,Australia,Eggs,Cartonof12,3.19,AUD,2.14,1,High,2018-8
128,Australia,Eggs,Cartonof12,3.21,AUD,2.15,1,High,2018-9
129,Australia,Eggs,Cartonof12,3.22,AUD,2.16,1,High,2018-10
130,Australia,Eggs,Cartonof12,3.23,AUD,2.17,1,High,2018-11
131,Australia,Eggs,Cartonof12,3.25,AUD,2.18,1,High,2018-12
132,Australia,Eggs,Cartonof12,3.26,AUD,2.19,1,High,2019-1
133,Australia,Eggs,Cartonof12,3.27,AUD,2.2,1,High,2019-2
134,Australia,Eggs,Cartonof12,3.28,AUD,2.2,1,High,2019-3
135,Australia,Eggs,Cartonof12,3.3,AUD,2.21,1,High,2019-4
136,Australia,Eggs,Cartonof12,3.31,AUD,2.22,1,High,2019-5
137,Australia,Eggs,Cartonof12,3.32,AUD,2.23,1,High,2019-6
138,Australia,Eggs,Cartonof12,3.34,AUD,2.24,1,High,2019-7
139,Australia,Eggs,Cartonof12,3.35,AUD,2.25,1,High,2019-8
140,Australia,Eggs,Cartonof12,3.36,AUD,2.26,1,High,2019-9
141,Australia,Eggs,Cartonof12,3.38,AUD,2.27,1,High,2019-10
142,Australia,Eggs,Cartonof12,3.39,AUD,2.27,1,High,2019-11
143,Australia,Eggs,Cartonof12,3.4,AUD,2.28,1,High,2019-12
144,Australia,Eggs,Cartonof12,3.41,AUD,2.29,1,High,2020-1
145,Australia,Eggs,Cartonof12,3.43,AUD,2.3,1,High,2020-2
146,Australia,Eggs,Cartonof12,3.44,AUD,2.31,1,High,2020-3
147,Australia,Eggs,Cartonof12,3.45,AUD,2.32,1,High,2020-4
148,Australia,Eggs,Cartonof12,3.47,AUD,2.33,1,High,2020-5
149,Australia,Eggs,Cartonof12,3.48,AUD,2.33,1,High,2020-6
150,Australia,Eggs,Cartonof12,3.49,AUD,2.34,1,High,2020-7
151,Australia,Eggs,Cartonof12,3.51,AUD,2.35,1,High,2020-8
152,Australia,Eggs,Cartonof12,3.52,AUD,2.36,1,High,2020-9
153,Australia,Eggs,Cartonof12,3.53,AUD,2.37,1,High,2020-10
154,Australia,Eggs,Cartonof12,3.54,AUD,2.38,1,High,2020-11
155,Australia,Eggs,Cartonof12,3.56,AUD,2.39,1,High,2020-12
156,Australia,Eggs,Cartonof12,3.57,AUD,2.4,1,High,2021-1
157,Australia,Eggs,Cartonof12,3.69,AUD,2.48,1,High,2021-2
158,Australia,Eggs,Cartonof12,3.81,AUD,2.56,1,High,2021-3
159,Australia,Eggs,Cartonof12,3.93,AUD,2.64,1,High,2021-4
160,Australia,Eggs,Cartonof12,4.05,AUD,2.72,1,High,2021-5
161,Australia,Eggs,Cartonof12,4.17,AUD,2.8,1,High,2021-6
162,Australia,Eggs,Cartonof12,4.29,AUD,2.88,1,High,2021-7
163,Australia,Eggs,Cartonof12,4.41,AUD,2.96,1,High,2021-8
164,Australia,Eggs,Cartonof12,4.53,AUD,3.04,1,High,2021-9
165,Australia,Eggs,Cartonof12,4.65,AUD,3.12,1,High,2021-10
166,Australia,Eggs,Cartonof12,4.77,AUD,3.2,1,High,2021-11
167,Australia,Eggs,Cartonof12,4.89,AUD,3.28,1,High,2021-12
168,Australia,Eggs,Cartonof12,5.01,AUD,3.36,1,High,2022-1
169,Australia,Eggs,Cartonof12,5.1,AUD,3.42,1,High,2022-2
170,Australia,Eggs,Cartonof12,5.19,AUD,3.48,1,High,2022-3
171,Australia,Eggs,Cartonof12,5.28,AUD,3.54,1,High,2022-4
172,Australia,Eggs,Cartonof12,5.37,AUD,3.6,1,High,2022-5
173,Australia,Eggs,Cartonof12,5.46,AUD,3.66,1,High,2022-6
174,Australia,Eggs,Cartonof12,5.55,AUD,3.72,1,High,2022-7
175,Australia,Eggs,Cartonof12,5.64,AUD,3.79,1,High,2022-8
176,Australia,Eggs,Cartonof12,5.73,AUD,3.85,1,High,2022-9
177,Australia,Eggs,Cartonof12,5.82,AUD,3.91,1,High,2022-10
178,Australia,Eggs,Cartonof12,5.91,AUD,3.97,1,High,2022-11
179,Australia,Eggs,Cartonof12,6,AUD,4.03,1,High,2022-12
180,Australia,Potatoes,1Kg,3.25,AUD,2.18,1,High,2018-1
181,Australia,Potatoes,1Kg,3.25,AUD,2.18,1,High,2018-2
182,Australia,Potatoes,1Kg,3.25,AUD,2.18,1,High,2018-3
183,Australia,Potatoes,1Kg,3.26,AUD,2.18,1,High,2018-4
184,Australia,Potatoes,1Kg,3.26,AUD,2.19,1,High,2018-5
185,Australia,Potatoes,1Kg,3.26,AUD,2.19,1,High,2018-6
186,Australia,Potatoes,1Kg,3.26,AUD,2.19,1,High,2018-7
187,Australia,Potatoes,1Kg,3.26,AUD,2.19,1,High,2018-8
188,Australia,Potatoes,1Kg,3.26,AUD,2.19,1,High,2018-9
189,Australia,Potatoes,1Kg,3.26,AUD,2.19,1,High,2018-10
190,Australia,Potatoes,1Kg,3.26,AUD,2.19,1,High,2018-11
191,Australia,Potatoes,1Kg,3.26,AUD,2.19,1,High,2018-12
192,Australia,Potatoes,1Kg,3.26,AUD,2.19,1,High,2019-1
193,Australia,Potatoes,1Kg,3.28,AUD,2.2,1,High,2019-2
194,Australia,Potatoes,1Kg,3.3,AUD,2.22,1,High,2019-3
195,Australia,Potatoes,1Kg,3.32,AUD,2.23,1,High,2019-4
196,Australia,Potatoes,1Kg,3.34,AUD,2.24,1,High,2019-5
197,Australia,Potatoes,1Kg,3.36,AUD,2.26,1,High,2019-6
198,Australia,Potatoes,1Kg,3.38,AUD,2.27,1,High,2019-7
199,Australia,Potatoes,1Kg,3.4,AUD,2.28,1,High,2019-8
200,Australia,Potatoes,1Kg,3.42,AUD,2.3,1,High,2019-9
201,Australia,Potatoes,1Kg,3.44,AUD,2.31,1,High,2019-10
202,Australia,Potatoes,1Kg,3.46,AUD,2.32,1,High,2019-11
203,Australia,Potatoes,1Kg,3.48,AUD,2.34,1,High,2019-12
204,Australia,Potatoes,1Kg,3.5,AUD,2.35,1,High,2020-1
205,Australia,Potatoes,1Kg,3.52,AUD,2.37,1,High,2020-2
206,Australia,Potatoes,1Kg,3.54,AUD,2.38,1,High,2020-3
207,Australia,Potatoes,1Kg,3.56,AUD,2.39,1,High,2020-4
208,Australia,Potatoes,1Kg,3.58,AUD,2.41,1,High,2020-5
209,Australia,Potatoes,1Kg,3.6,AUD,2.42,1,High,2020-6
210,Australia,Potatoes,1Kg,3.62,AUD,2.43,1,High,2020-7
211,Australia,Potatoes,1Kg,3.64,AUD,2.45,1,High,2020-8
212,Australia,Potatoes,1Kg,3.66,AUD,2.46,1,High,2020-9
213,Australia,Potatoes,1Kg,3.68,AUD,2.47,1,High,2020-10
214,Australia,Potatoes,1Kg,3.7,AUD,2.49,1,High,2020-11
215,Australia,Potatoes,1Kg,3.72,AUD,2.5,1,High,2020-12
216,Australia,Potatoes,1Kg,3.74,AUD,2.51,1,High,2021-1
217,Australia,Potatoes,1Kg,3.75,AUD,2.51,1,High,2021-2
218,Australia,Potatoes,1Kg,3.75,AUD,2.51,1,High,2021-3
219,Australia,Potatoes,1Kg,3.75,AUD,2.51,1,High,2021-4
220,Australia,Potatoes,1Kg,3.75,AUD,2.52,1,High,2021-5
221,Australia,Potatoes,1Kg,3.75,AUD,2.52,1,High,2021-6
222,Australia,Potatoes,1Kg,3.75,AUD,2.52,1,High,2021-7
223,Australia,Potatoes,1Kg,3.75,AUD,2.52,1,High,2021-8
224,Australia,Potatoes,1Kg,3.75,AUD,2.52,1,High,2021-9
225,Australia,Potatoes,1Kg,3.75,AUD,2.52,1,High,2021-10
226,Australia,Potatoes,1Kg,3.75,AUD,2.52,1,High,2021-11
227,Australia,Potatoes,1Kg,3.76,AUD,2.52,1,High,2021-12
228,Australia,Potatoes,1Kg,3.76,AUD,2.52,1,High,2022-1
229,Australia,Potatoes,1Kg,3.79,AUD,2.54,1,High,2022-2
230,Australia,Potatoes,1Kg,3.82,AUD,2.57,1,High,2022-3
231,Australia,Potatoes,1Kg,3.86,AUD,2.59,1,High,2022-4
232,Australia,Potatoes,1Kg,3.89,AUD,2.61,1,High,2022-5
233,Australia,Potatoes,1Kg,3.93,AUD,2.63,1,High,2022-6
234,Australia,Potatoes,1Kg,3.96,AUD,2.66,1,High,2022-7
235,Australia,Potatoes,1Kg,3.99,AUD,2.68,1,High,2022-8
236,Australia,Potatoes,1Kg,4.03,AUD,2.7,1,High,2022-9
237,Australia,Potatoes,1Kg,4.06,AUD,2.73,1,High,2022-10
238,Australia,Potatoes,1Kg,4.1,AUD,2.75,1,High,2022-11
239,Australia,Potatoes,1Kg,4.13,AUD,2.77,1,High,2022-12
240,Sweden,Bread,Loaf,18.61,Kr,1.82,1,High,2018-1
241,Sweden,Bread,Loaf,18.66,Kr,1.83,1,High,2018-2
242,Sweden,Bread,Loaf,18.71,Kr,1.83,1,High,2018-3
243,Sweden,Bread,Loaf,18.76,Kr,1.84,1,High,2018-4
244,Sweden,Bread,Loaf,18.81,Kr,1.84,1,High,2018-5
245,Sweden,Bread,Loaf,18.86,Kr,1.85,1,High,2018-6
246,Sweden,Bread,Loaf,18.91,Kr,1.85,1,High,2018-7
247,Sweden,Bread,Loaf,18.96,Kr,1.86,1,High,2018-8
248,Sweden,Bread,Loaf,19.01,Kr,1.86,1,High,2018-9
249,Sweden,Bread,Loaf,19.06,Kr,1.87,1,High,2018-10
250,Sweden,Bread,Loaf,19.11,Kr,1.87,1,High,2018-11
251,Sweden,Bread,Loaf,19.16,Kr,1.88,1,High,2018-12
252,Sweden,Bread,Loaf,19.21,Kr,1.88,1,High,2019-1
253,Sweden,Bread,Loaf,19.36,Kr,1.9,1,High,2019-2
254,Sweden,Bread,Loaf,19.51,Kr,1.91,1,High,2019-3
255,Sweden,Bread,Loaf,19.66,Kr,1.93,1,High,2019-4
256,Sweden,Bread,Loaf,19.81,Kr,1.94,1,High,2019-5
257,Sweden,Bread,Loaf,19.96,Kr,1.96,1,High,2019-6
258,Sweden,Bread,Loaf,20.11,Kr,1.97,1,High,2019-7
259,Sweden,Bread,Loaf,20.26,Kr,1.99,1,High,2019-8
260,Sweden,Bread,Loaf,20.41,Kr,2,1,High,2019-9
261,Sweden,Bread,Loaf,20.56,Kr,2.01,1,High,2019-10
262,Sweden,Bread,Loaf,20.71,Kr,2.03,1,High,2019-11
263,Sweden,Bread,Loaf,20.86,Kr,2.04,1,High,2019-12
264,Sweden,Bread,Loaf,21.01,Kr,2.06,1,High,2020-1
265,Sweden,Bread,Loaf,21.02,Kr,2.06,1,High,2020-2
266,Sweden,Bread,Loaf,21.03,Kr,2.06,1,High,2020-3
267,Sweden,Bread,Loaf,21.04,Kr,2.06,1,High,2020-4
268,Sweden,Bread,Loaf,21.05,Kr,2.06,1,High,2020-5
269,Sweden,Bread,Loaf,21.06,Kr,2.06,1,High,2020-6
270,Sweden,Bread,Loaf,21.07,Kr,2.06,1,High,2020-7
271,Sweden,Bread,Loaf,21.08,Kr,2.07,1,High,2020-8
272,Sweden,Bread,Loaf,21.09,Kr,2.07,1,High,2020-9
273,Sweden,Bread,Loaf,21.1,Kr,2.07,1,High,2020-10
274,Sweden,Bread,Loaf,21.11,Kr,2.07,1,High,2020-11
275,Sweden,Bread,Loaf,21.12,Kr,2.07,1,High,2020-12
276,Sweden,Bread,Loaf,21.13,Kr,2.07,1,High,2021-1
277,Sweden,Bread,Loaf,21.3,Kr,2.09,1,High,2021-2
278,Sweden,Bread,Loaf,21.47,Kr,2.1,1,High,2021-3
279,Sweden,Bread,Loaf,21.64,Kr,2.12,1,High,2021-4
280,Sweden,Bread,Loaf,21.81,Kr,2.14,1,High,2021-5
281,Sweden,Bread,Loaf,21.98,Kr,2.15,1,High,2021-6
282,Sweden,Bread,Loaf,22.15,Kr,2.17,1,High,2021-7
283,Sweden,Bread,Loaf,22.32,Kr,2.19,1,High,2021-8
284,Sweden,Bread,Loaf,22.49,Kr,2.2,1,High,2021-9
285,Sweden,Bread,Loaf,22.66,Kr,2.22,1,High,2021-10
286,Sweden,Bread,Loaf,22.83,Kr,2.24,1,High,2021-11
287,Sweden,Bread,Loaf,23,Kr,2.25,1,High,2021-12
288,Sweden,Bread,Loaf,23.17,Kr,2.27,1,High,2022-1
289,Sweden,Bread,Loaf,23.41,Kr,2.29,1,High,2022-2
290,Sweden,Bread,Loaf,23.65,Kr,2.32,1,High,2022-3
291,Sweden,Bread,Loaf,23.89,Kr,2.34,1,High,2022-4
292,Sweden,Bread,Loaf,24.13,Kr,2.36,1,High,2022-5
293,Sweden,Bread,Loaf,24.37,Kr,2.39,1,High,2022-6
294,Sweden,Bread,Loaf,24.61,Kr,2.41,1,High,2022-7
295,Sweden,Bread,Loaf,24.85,Kr,2.44,1,High,2022-8
296,Sweden,Bread,Loaf,25.09,Kr,2.46,1,High,2022-9
297,Sweden,Bread,Loaf,25.33,Kr,2.48,1,High,2022-10
298,Sweden,Bread,Loaf,25.57,Kr,2.51,1,High,2022-11
299,Sweden,Bread,Loaf,25.81,Kr,2.53,1,High,2022-12
300,Sweden,Milk,1L,10.18,Kr,1,1,High,2018-1
301,Sweden,Milk,1L,10.23,Kr,1,1,High,2018-2
302,Sweden,Milk,1L,10.28,Kr,1.01,1,High,2018-3
303,Sweden,Milk,1L,10.33,Kr,1.01,1,High,2018-4
304,Sweden,Milk,1L,10.38,Kr,1.02,1,High,2018-5
305,Sweden,Milk,1L,10.43,Kr,1.02,1,High,2018-6
306,Sweden,Milk,1L,10.48,Kr,1.03,1,High,2018-7
307,Sweden,Milk,1L,10.53,Kr,1.03,1,High,2018-8
308,Sweden,Milk,1L,10.58,Kr,1.04,1,High,2018-9
309,Sweden,Milk,1L,10.63,Kr,1.04,1,High,2018-10
310,Sweden,Milk,1L,10.68,Kr,1.05,1,High,2018-11
311,Sweden,Milk,1L,10.73,Kr,1.05,1,High,2018-12
312,Sweden,Milk,1L,10.78,Kr,1.06,1,High,2019-1
313,Sweden,Milk,1L,10.86,Kr,1.06,1,High,2019-2
314,Sweden,Milk,1L,10.94,Kr,1.07,1,High,2019-3
315,Sweden,Milk,1L,11.02,Kr,1.08,1,High,2019-4
316,Sweden,Milk,1L,11.1,Kr,1.09,1,High,2019-5
317,Sweden,Milk,1L,11.18,Kr,1.1,1,High,2019-6
318,Sweden,Milk,1L,11.26,Kr,1.1,1,High,2019-7
319,Sweden,Milk,1L,11.34,Kr,1.11,1,High,2019-8
320,Sweden,Milk,1L,11.42,Kr,1.12,1,High,2019-9
321,Sweden,Milk,1L,11.5,Kr,1.13,1,High,2019-10
322,Sweden,Milk,1L,11.58,Kr,1.14,1,High,2019-11
323,Sweden,Milk,1L,11.66,Kr,1.14,1,High,2019-12
324,Sweden,Milk,1L,11.74,Kr,1.15,1,High,2020-1
325,Sweden,Milk,1L,11.76,Kr,1.15,1,High,2020-2
326,Sweden,Milk,1L,11.78,Kr,1.15,1,High,2020-3
327,Sweden,Milk,1L,11.8,Kr,1.16,1,High,2020-4
328,Sweden,Milk,1L,11.82,Kr,1.16,1,High,2020-5
329,Sweden,Milk,1L,11.84,Kr,1.16,1,High,2020-6
330,Sweden,Milk,1L,11.86,Kr,1.16,1,High,2020-7
331,Sweden,Milk,1L,11.88,Kr,1.16,1,High,2020-8
332,Sweden,Milk,1L,11.9,Kr,1.17,1,High,2020-9
333,Sweden,Milk,1L,11.92,Kr,1.17,1,High,2020-10
334,Sweden,Milk,1L,11.94,Kr,1.17,1,High,2020-11
335,Sweden,Milk,1L,11.96,Kr,1.17,1,High,2020-12
336,Sweden,Milk,1L,11.98,Kr,1.17,1,High,2021-1
337,Sweden,Milk,1L,12.07,Kr,1.18,1,High,2021-2
338,Sweden,Milk,1L,12.16,Kr,1.19,1,High,2021-3
339,Sweden,Milk,1L,12.24,Kr,1.2,1,High,2021-4
340,Sweden,Milk,1L,12.33,Kr,1.21,1,High,2021-5
341,Sweden,Milk,1L,12.41,Kr,1.22,1,High,2021-6
342,Sweden,Milk,1L,12.5,Kr,1.22,1,High,2021-7
343,Sweden,Milk,1L,12.59,Kr,1.23,1,High,2021-8
344,Sweden,Milk,1L,12.67,Kr,1.24,1,High,2021-9
345,Sweden,Milk,1L,12.76,Kr,1.25,1,High,2021-10
346,Sweden,Milk,1L,12.84,Kr,1.26,1,High,2021-11
347,Sweden,Milk,1L,12.93,Kr,1.27,1,High,2021-12
348,Sweden,Milk,1L,13.02,Kr,1.28,1,High,2022-1
349,Sweden,Milk,1L,13.12,Kr,1.29,1,High,2022-2
350,Sweden,Milk,1L,13.23,Kr,1.3,1,High,2022-3
351,Sweden,Milk,1L,13.33,Kr,1.31,1,High,2022-4
352,Sweden,Milk,1L,13.44,Kr,1.32,1,High,2022-5
353,Sweden,Milk,1L,13.54,Kr,1.33,1,High,2022-6
354,Sweden,Milk,1L,13.65,Kr,1.34,1,High,2022-7
355,Sweden,Milk,1L,13.75,Kr,1.35,1,High,2022-8
356,Sweden,Milk,1L,13.86,Kr,1.36,1,High,2022-9
357,Sweden,Milk,1L,13.96,Kr,1.37,1,High,2022-10
358,Sweden,Milk,1L,14.07,Kr,1.38,1,High,2022-11
359,Sweden,Milk,1L,14.17,Kr,1.39,1,High,2022-12
360,Sweden,Eggs,Cartonof12,26.08,Kr,2.56,1,High,2018-1
361,Sweden,Eggs,Cartonof12,26.1,Kr,2.56,1,High,2018-2
362,Sweden,Eggs,Cartonof12,26.12,Kr,2.56,1,High,2018-3
363,Sweden,Eggs,Cartonof12,26.14,Kr,2.56,1,High,2018-4
364,Sweden,Eggs,Cartonof12,26.16,Kr,2.56,1,High,2018-5
365,Sweden,Eggs,Cartonof12,26.18,Kr,2.57,1,High,2018-6
366,Sweden,Eggs,Cartonof12,26.2,Kr,2.57,1,High,2018-7
367,Sweden,Eggs,Cartonof12,26.22,Kr,2.57,1,High,2018-8
368,Sweden,Eggs,Cartonof12,26.24,Kr,2.57,1,High,2018-9
369,Sweden,Eggs,Cartonof12,26.26,Kr,2.57,1,High,2018-10
370,Sweden,Eggs,Cartonof12,26.28,Kr,2.58,1,High,2018-11
371,Sweden,Eggs,Cartonof12,26.3,Kr,2.58,1,High,2018-12
372,Sweden,Eggs,Cartonof12,26.32,Kr,2.58,1,High,2019-1
373,Sweden,Eggs,Cartonof12,26.57,Kr,2.6,1,High,2019-2
374,Sweden,Eggs,Cartonof12,26.82,Kr,2.63,1,High,2019-3
375,Sweden,Eggs,Cartonof12,27.07,Kr,2.65,1,High,2019-4
376,Sweden,Eggs,Cartonof12,27.32,Kr,2.68,1,High,2019-5
377,Sweden,Eggs,Cartonof12,27.57,Kr,2.7,1,High,2019-6
378,Sweden,Eggs,Cartonof12,27.82,Kr,2.73,1,High,2019-7
379,Sweden,Eggs,Cartonof12,28.07,Kr,2.75,1,High,2019-8
380,Sweden,Eggs,Cartonof12,28.32,Kr,2.78,1,High,2019-9
381,Sweden,Eggs,Cartonof12,28.57,Kr,2.8,1,High,2019-10
382,Sweden,Eggs,Cartonof12,28.82,Kr,2.82,1,High,2019-11
383,Sweden,Eggs,Cartonof12,29.07,Kr,2.85,1,High,2019-12
384,Sweden,Eggs,Cartonof12,29.32,Kr,2.87,1,High,2020-1
385,Sweden,Eggs,Cartonof12,29.39,Kr,2.88,1,High,2020-2
386,Sweden,Eggs,Cartonof12,29.47,Kr,2.89,1,High,2020-3
387,Sweden,Eggs,Cartonof12,29.55,Kr,2.9,1,High,2020-4
388,Sweden,Eggs,Cartonof12,29.62,Kr,2.9,1,High,2020-5
389,Sweden,Eggs,Cartonof12,29.7,Kr,2.91,1,High,2020-6
390,Sweden,Eggs,Cartonof12,29.77,Kr,2.92,1,High,2020-7
391,Sweden,Eggs,Cartonof12,29.85,Kr,2.93,1,High,2020-8
392,Sweden,Eggs,Cartonof12,29.93,Kr,2.93,1,High,2020-9
393,Sweden,Eggs,Cartonof12,30,Kr,2.94,1,High,2020-10
394,Sweden,Eggs,Cartonof12,30.08,Kr,2.95,1,High,2020-11
395,Sweden,Eggs,Cartonof12,30.15,Kr,2.96,1,High,2020-12
396,Sweden,Eggs,Cartonof12,30.23,Kr,2.96,1,High,2021-1
397,Sweden,Eggs,Cartonof12,30.43,Kr,2.98,1,High,2021-2
398,Sweden,Eggs,Cartonof12,30.63,Kr,3,1,High,2021-3
399,Sweden,Eggs,Cartonof12,30.83,Kr,3.02,1,High,2021-4
400,Sweden,Eggs,Cartonof12,31.03,Kr,3.04,1,High,2021-5
401,Sweden,Eggs,Cartonof12,31.23,Kr,3.06,1,High,2021-6
402,Sweden,Eggs,Cartonof12,31.43,Kr,3.08,1,High,2021-7
403,Sweden,Eggs,Cartonof12,31.63,Kr,3.1,1,High,2021-8
404,Sweden,Eggs,Cartonof12,31.83,Kr,3.12,1,High,2021-9
405,Sweden,Eggs,Cartonof12,32.03,Kr,3.14,1,High,2021-10
406,Sweden,Eggs,Cartonof12,32.23,Kr,3.16,1,High,2021-11
407,Sweden,Eggs,Cartonof12,32.43,Kr,3.18,1,High,2021-12
408,Sweden,Eggs,Cartonof12,32.63,Kr,3.2,1,High,2022-1
409,Sweden,Eggs,Cartonof12,32.9,Kr,3.22,1,High,2022-2
410,Sweden,Eggs,Cartonof12,33.17,Kr,3.25,1,High,2022-3
411,Sweden,Eggs,Cartonof12,33.44,Kr,3.28,1,High,2022-4
412,Sweden,Eggs,Cartonof12,33.71,Kr,3.3,1,High,2022-5
413,Sweden,Eggs,Cartonof12,33.98,Kr,3.33,1,High,2022-6
414,Sweden,Eggs,Cartonof12,34.25,Kr,3.36,1,High,2022-7
415,Sweden,Eggs,Cartonof12,34.52,Kr,3.38,1,High,2022-8
416,Sweden,Eggs,Cartonof12,34.79,Kr,3.41,1,High,2022-9
417,Sweden,Eggs,Cartonof12,35.06,Kr,3.44,1,High,2022-10
418,Sweden,Eggs,Cartonof12,35.33,Kr,3.46,1,High,2022-11
419,Sweden,Eggs,Cartonof12,35.6,Kr,3.49,1,High,2022-12
420,Sweden,Potatoes,1Kg,11.1,Kr,1.09,1,High,2018-1
421,Sweden,Potatoes,1Kg,11.12,Kr,1.09,1,High,2018-2
422,Sweden,Potatoes,1Kg,11.14,Kr,1.09,1,High,2018-3
423,Sweden,Potatoes,1Kg,11.16,Kr,1.09,1,High,2018-4
424,Sweden,Potatoes,1Kg,11.18,Kr,1.1,1,High,2018-5
425,Sweden,Potatoes,1Kg,11.2,Kr,1.1,1,High,2018-6
426,Sweden,Potatoes,1Kg,11.22,Kr,1.1,1,High,2018-7
427,Sweden,Potatoes,1Kg,11.25,Kr,1.1,1,High,2018-8
428,Sweden,Potatoes,1Kg,11.27,Kr,1.1,1,High,2018-9
429,Sweden,Potatoes,1Kg,11.29,Kr,1.11,1,High,2018-10
430,Sweden,Potatoes,1Kg,11.31,Kr,1.11,1,High,2018-11
431,Sweden,Potatoes,1Kg,11.33,Kr,1.11,1,High,2018-12
432,Sweden,Potatoes,1Kg,11.35,Kr,1.11,1,High,2019-1
433,Sweden,Potatoes,1Kg,11.37,Kr,1.11,1,High,2019-2
434,Sweden,Potatoes,1Kg,11.39,Kr,1.12,1,High,2019-3
435,Sweden,Potatoes,1Kg,11.41,Kr,1.12,1,High,2019-4
436,Sweden,Potatoes,1Kg,11.43,Kr,1.12,1,High,2019-5
437,Sweden,Potatoes,1Kg,11.45,Kr,1.12,1,High,2019-6
438,Sweden,Potatoes,1Kg,11.47,Kr,1.12,1,High,2019-7
439,Sweden,Potatoes,1Kg,11.49,Kr,1.13,1,High,2019-8
440,Sweden,Potatoes,1Kg,11.51,Kr,1.13,1,High,2019-9
441,Sweden,Potatoes,1Kg,11.53,Kr,1.13,1,High,2019-10
442,Sweden,Potatoes,1Kg,11.55,Kr,1.13,1,High,2019-11
443,Sweden,Potatoes,1Kg,11.57,Kr,1.13,1,High,2019-12
444,Sweden,Potatoes,1Kg,11.59,Kr,1.14,1,High,2020-1
445,Sweden,Potatoes,1Kg,11.62,Kr,1.14,1,High,2020-2
446,Sweden,Potatoes,1Kg,11.65,Kr,1.14,1,High,2020-3
447,Sweden,Potatoes,1Kg,11.68,Kr,1.14,1,High,2020-4
448,Sweden,Potatoes,1Kg,11.71,Kr,1.15,1,High,2020-5
449,Sweden,Potatoes,1Kg,11.74,Kr,1.15,1,High,2020-6
450,Sweden,Potatoes,1Kg,11.77,Kr,1.15,1,High,2020-7
451,Sweden,Potatoes,1Kg,11.8,Kr,1.16,1,High,2020-8
452,Sweden,Potatoes,1Kg,11.83,Kr,1.16,1,High,2020-9
453,Sweden,Potatoes,1Kg,11.86,Kr,1.16,1,High,2020-10
454,Sweden,Potatoes,1Kg,11.89,Kr,1.17,1,High,2020-11
455,Sweden,Potatoes,1Kg,11.92,Kr,1.17,1,High,2020-12
456,Sweden,Potatoes,1Kg,11.95,Kr,1.17,1,High,2021-1
457,Sweden,Potatoes,1Kg,12.03,Kr,1.18,1,High,2021-2
458,Sweden,Potatoes,1Kg,12.11,Kr,1.19,1,High,2021-3
459,Sweden,Potatoes,1Kg,12.19,Kr,1.19,1,High,2021-4
460,Sweden,Potatoes,1Kg,12.27,Kr,1.2,1,High,2021-5
461,Sweden,Potatoes,1Kg,12.35,Kr,1.21,1,High,2021-6
462,Sweden,Potatoes,1Kg,12.43,Kr,1.22,1,High,2021-7
463,Sweden,Potatoes,1Kg,12.51,Kr,1.23,1,High,2021-8
464,Sweden,Potatoes,1Kg,12.59,Kr,1.23,1,High,2021-9
465,Sweden,Potatoes,1Kg,12.67,Kr,1.24,1,High,2021-10
466,Sweden,Potatoes,1Kg,12.75,Kr,1.25,1,High,2021-11
467,Sweden,Potatoes,1Kg,12.83,Kr,1.26,1,High,2021-12
468,Sweden,Potatoes,1Kg,12.91,Kr,1.27,1,High,2022-1
469,Sweden,Potatoes,1Kg,13.03,Kr,1.28,1,High,2022-2
470,Sweden,Potatoes,1Kg,13.15,Kr,1.29,1,High,2022-3
471,Sweden,Potatoes,1Kg,13.27,Kr,1.3,1,High,2022-4
472,Sweden,Potatoes,1Kg,13.39,Kr,1.31,1,High,2022-5
473,Sweden,Potatoes,1Kg,13.51,Kr,1.32,1,High,2022-6
474,Sweden,Potatoes,1Kg,13.63,Kr,1.34,1,High,2022-7
475,Sweden,Potatoes,1Kg,13.75,Kr,1.35,1,High,2022-8
476,Sweden,Potatoes,1Kg,13.87,Kr,1.36,1,High,2022-9
477,Sweden,Potatoes,1Kg,13.99,Kr,1.37,1,High,2022-10
478,Sweden,Potatoes,1Kg,14.11,Kr,1.38,1,High,2022-11
479,Sweden,Potatoes,1Kg,14.23,Kr,1.39,1,High,2022-12
480,Japan,Bread,Loaf,186.39,JPY,1.34,1,High,2018-1
481,Japan,Bread,Loaf,186.87,JPY,1.35,1,High,2018-2
482,Japan,Bread,Loaf,187.35,JPY,1.35,1,High,2018-3
483,Japan,Bread,Loaf,187.83,JPY,1.35,1,High,2018-4
484,Japan,Bread,Loaf,188.31,JPY,1.36,1,High,2018-5
485,Japan,Bread,Loaf,188.79,JPY,1.36,1,High,2018-6
486,Japan,Bread,Loaf,189.27,JPY,1.36,1,High,2018-7
487,Japan,Bread,Loaf,189.75,JPY,1.37,1,High,2018-8
488,Japan,Bread,Loaf,190.23,JPY,1.37,1,High,2018-9
489,Japan,Bread,Loaf,190.71,JPY,1.37,1,High,2018-10
490,Japan,Bread,Loaf,191.19,JPY,1.38,1,High,2018-11
491,Japan,Bread,Loaf,191.67,JPY,1.38,1,High,2018-12
492,Japan,Bread,Loaf,192.15,JPY,1.38,1,High,2019-1
493,Japan,Bread,Loaf,192.48,JPY,1.39,1,High,2019-2
494,Japan,Bread,Loaf,192.81,JPY,1.39,1,High,2019-3
495,Japan,Bread,Loaf,193.14,JPY,1.39,1,High,2019-4
496,Japan,Bread,Loaf,193.47,JPY,1.39,1,High,2019-5
497,Japan,Bread,Loaf,193.8,JPY,1.4,1,High,2019-6
498,Japan,Bread,Loaf,194.13,JPY,1.4,1,High,2019-7
499,Japan,Bread,Loaf,194.46,JPY,1.4,1,High,2019-8
500,Japan,Bread,Loaf,194.79,JPY,1.4,1,High,2019-9
501,Japan,Bread,Loaf,195.12,JPY,1.4,1,High,2019-10
502,Japan,Bread,Loaf,195.45,JPY,1.41,1,High,2019-11
503,Japan,Bread,Loaf,195.78,JPY,1.41,1,High,2019-12
504,Japan,Bread,Loaf,196.11,JPY,1.41,1,High,2020-1
505,Japan,Bread,Loaf,195.73,JPY,1.41,1,High,2020-2
506,Japan,Bread,Loaf,195.35,JPY,1.41,1,High,2020-3
507,Japan,Bread,Loaf,194.96,JPY,1.4,1,High,2020-4
508,Japan,Bread,Loaf,194.58,JPY,1.4,1,High,2020-5
509,Japan,Bread,Loaf,194.2,JPY,1.4,1,High,2020-6
510,Japan,Bread,Loaf,193.81,JPY,1.4,1,High,2020-7
511,Japan,Bread,Loaf,193.43,JPY,1.39,1,High,2020-8
512,Japan,Bread,Loaf,193.05,JPY,1.39,1,High,2020-9
513,Japan,Bread,Loaf,192.66,JPY,1.39,1,High,2020-10
514,Japan,Bread,Loaf,192.28,JPY,1.38,1,High,2020-11
515,Japan,Bread,Loaf,191.9,JPY,1.38,1,High,2020-12
516,Japan,Bread,Loaf,191.52,JPY,1.38,1,High,2021-1
517,Japan,Bread,Loaf,192.01,JPY,1.38,1,High,2021-2
518,Japan,Bread,Loaf,192.5,JPY,1.39,1,High,2021-3
519,Japan,Bread,Loaf,192.99,JPY,1.39,1,High,2021-4
520,Japan,Bread,Loaf,193.48,JPY,1.39,1,High,2021-5
521,Japan,Bread,Loaf,193.97,JPY,1.4,1,High,2021-6
522,Japan,Bread,Loaf,194.46,JPY,1.4,1,High,2021-7
523,Japan,Bread,Loaf,194.95,JPY,1.4,1,High,2021-8
524,Japan,Bread,Loaf,195.44,JPY,1.41,1,High,2021-9
525,Japan,Bread,Loaf,195.93,JPY,1.41,1,High,2021-10
526,Japan,Bread,Loaf,196.42,JPY,1.41,1,High,2021-11
527,Japan,Bread,Loaf,196.91,JPY,1.42,1,High,2021-12
528,Japan,Bread,Loaf,197.4,JPY,1.42,1,High,2022-1
529,Japan,Bread,Loaf,198.62,JPY,1.43,1,High,2022-2
530,Japan,Bread,Loaf,199.85,JPY,1.44,1,High,2022-3
531,Japan,Bread,Loaf,201.07,JPY,1.45,1,High,2022-4
532,Japan,Bread,Loaf,202.3,JPY,1.46,1,High,2022-5
533,Japan,Bread,Loaf,203.52,JPY,1.47,1,High,2022-6
534,Japan,Bread,Loaf,204.75,JPY,1.47,1,High,2022-7
535,Japan,Bread,Loaf,205.97,JPY,1.48,1,High,2022-8
536,Japan,Bread,Loaf,207.2,JPY,1.49,1,High,2022-9
537,Japan,Bread,Loaf,208.42,JPY,1.5,1,High,2022-10
538,Japan,Bread,Loaf,209.65,JPY,1.51,1,High,2022-11
539,Japan,Bread,Loaf,210.87,JPY,1.52,1,High,2022-12
540,Japan,Milk,1L,186.24,JPY,1.34,1,High,2018-1
541,Japan,Milk,1L,186.4,JPY,1.34,1,High,2018-2
542,Japan,Milk,1L,186.56,JPY,1.34,1,High,2018-3
543,Japan,Milk,1L,186.72,JPY,1.34,1,High,2018-4
544,Japan,Milk,1L,186.88,JPY,1.35,1,High,2018-5
545,Japan,Milk,1L,187.04,JPY,1.35,1,High,2018-6
546,Japan,Milk,1L,187.2,JPY,1.35,1,High,2018-7
547,Japan,Milk,1L,187.36,JPY,1.35,1,High,2018-8
548,Japan,Milk,1L,187.52,JPY,1.35,1,High,2018-9
549,Japan,Milk,1L,187.68,JPY,1.35,1,High,2018-10
550,Japan,Milk,1L,187.84,JPY,1.35,1,High,2018-11
551,Japan,Milk,1L,188,JPY,1.35,1,High,2018-12
552,Japan,Milk,1L,188.16,JPY,1.35,1,High,2019-1
553,Japan,Milk,1L,188.21,JPY,1.36,1,High,2019-2
554,Japan,Milk,1L,188.26,JPY,1.36,1,High,2019-3
555,Japan,Milk,1L,188.31,JPY,1.36,1,High,2019-4
556,Japan,Milk,1L,188.36,JPY,1.36,1,High,2019-5
557,Japan,Milk,1L,188.41,JPY,1.36,1,High,2019-6
558,Japan,Milk,1L,188.46,JPY,1.36,1,High,2019-7
559,Japan,Milk,1L,188.51,JPY,1.36,1,High,2019-8
560,Japan,Milk,1L,189.24,JPY,1.36,1,High,2019-9
561,Japan,Milk,1L,189.97,JPY,1.37,1,High,2019-10
562,Japan,Milk,1L,190.7,JPY,1.37,1,High,2019-11
563,Japan,Milk,1L,191.43,JPY,1.38,1,High,2019-12
564,Japan,Milk,1L,192.16,JPY,1.38,1,High,2020-1
565,Japan,Milk,1L,192.17,JPY,1.38,1,High,2020-2
566,Japan,Milk,1L,192.19,JPY,1.38,1,High,2020-3
567,Japan,Milk,1L,192.2,JPY,1.38,1,High,2020-4
568,Japan,Milk,1L,192.22,JPY,1.38,1,High,2020-5
569,Japan,Milk,1L,192.23,JPY,1.38,1,High,2020-6
570,Japan,Milk,1L,192.24,JPY,1.38,1,High,2020-7
571,Japan,Milk,1L,192.26,JPY,1.38,1,High,2020-8
572,Japan,Milk,1L,192.27,JPY,1.38,1,High,2020-9
573,Japan,Milk,1L,192.29,JPY,1.38,1,High,2020-10
574,Japan,Milk,1L,192.3,JPY,1.38,1,High,2020-11
575,Japan,Milk,1L,192.31,JPY,1.38,1,High,2020-12
576,Japan,Milk,1L,192.33,JPY,1.38,1,High,2021-1
577,Japan,Milk,1L,192.34,JPY,1.38,1,High,2021-2
578,Japan,Milk,1L,192.36,JPY,1.38,1,High,2021-3
579,Japan,Milk,1L,192.37,JPY,1.39,1,High,2021-4
580,Japan,Milk,1L,192.38,JPY,1.39,1,High,2021-5
581,Japan,Milk,1L,192.4,JPY,1.39,1,High,2021-6
582,Japan,Milk,1L,192.41,JPY,1.39,1,High,2021-7
583,Japan,Milk,1L,192.43,JPY,1.39,1,High,2021-8
584,Japan,Milk,1L,192.44,JPY,1.39,1,High,2021-9
585,Japan,Milk,1L,192.45,JPY,1.39,1,High,2021-10
586,Japan,Milk,1L,192.47,JPY,1.39,1,High,2021-11
587,Japan,Milk,1L,192.48,JPY,1.39,1,High,2021-12
588,Japan,Milk,1L,192.5,JPY,1.39,1,High,2022-1
589,Japan,Milk,1L,192.51,JPY,1.39,1,High,2022-2
590,Japan,Milk,1L,192.92,JPY,1.39,1,High,2022-3
591,Japan,Milk,1L,193.33,JPY,1.39,1,High,2022-4
592,Japan,Milk,1L,193.74,JPY,1.39,1,High,2022-5
593,Japan,Milk,1L,194.15,JPY,1.4,1,High,2022-6
594,Japan,Milk,1L,194.56,JPY,1.4,1,High,2022-7
595,Japan,Milk,1L,194.97,JPY,1.4,1,High,2022-8
596,Japan,Milk,1L,195.38,JPY,1.41,1,High,2022-9
597,Japan,Milk,1L,195.79,JPY,1.41,1,High,2022-10
598,Japan,Milk,1L,196.2,JPY,1.41,1,High,2022-11
599,Japan,Milk,1L,196.61,JPY,1.42,1,High,2022-12
600,Japan,Eggs,Cartonof12,222.68,JPY,1.6,1,High,2018-1
601,Japan,Eggs,Cartonof12,222.7,JPY,1.6,1,High,2018-2
602,Japan,Eggs,Cartonof12,222.71,JPY,1.6,1,High,2018-3
603,Japan,Eggs,Cartonof12,222.73,JPY,1.6,1,High,2018-4
604,Japan,Eggs,Cartonof12,222.74,JPY,1.6,1,High,2018-5
605,Japan,Eggs,Cartonof12,222.76,JPY,1.6,1,High,2018-6
606,Japan,Eggs,Cartonof12,222.77,JPY,1.6,1,High,2018-7
607,Japan,Eggs,Cartonof12,222.79,JPY,1.6,1,High,2018-8
608,Japan,Eggs,Cartonof12,222.8,JPY,1.6,1,High,2018-9
609,Japan,Eggs,Cartonof12,222.82,JPY,1.6,1,High,2018-10
610,Japan,Eggs,Cartonof12,222.83,JPY,1.6,1,High,2018-11
611,Japan,Eggs,Cartonof12,222.85,JPY,1.6,1,High,2018-12
612,Japan,Eggs,Cartonof12,222.86,JPY,1.6,1,High,2019-1
613,Japan,Eggs,Cartonof12,223.64,JPY,1.61,1,High,2019-2
614,Japan,Eggs,Cartonof12,224.42,JPY,1.62,1,High,2019-3
615,Japan,Eggs,Cartonof12,225.2,JPY,1.62,1,High,2019-4
616,Japan,Eggs,Cartonof12,225.98,JPY,1.63,1,High,2019-5
617,Japan,Eggs,Cartonof12,226.76,JPY,1.63,1,High,2019-6
618,Japan,Eggs,Cartonof12,227.54,JPY,1.64,1,High,2019-7
619,Japan,Eggs,Cartonof12,228.32,JPY,1.64,1,High,2019-8
620,Japan,Eggs,Cartonof12,229.1,JPY,1.65,1,High,2019-9
621,Japan,Eggs,Cartonof12,229.88,JPY,1.66,1,High,2019-10
622,Japan,Eggs,Cartonof12,230.66,JPY,1.66,1,High,2019-11
623,Japan,Eggs,Cartonof12,231.44,JPY,1.67,1,High,2019-12
624,Japan,Eggs,Cartonof12,232.22,JPY,1.67,1,High,2020-1
625,Japan,Eggs,Cartonof12,233.06,JPY,1.68,1,High,2020-2
626,Japan,Eggs,Cartonof12,233.9,JPY,1.68,1,High,2020-3
627,Japan,Eggs,Cartonof12,234.74,JPY,1.69,1,High,2020-4
628,Japan,Eggs,Cartonof12,235.58,JPY,1.7,1,High,2020-5
629,Japan,Eggs,Cartonof12,236.42,JPY,1.7,1,High,2020-6
630,Japan,Eggs,Cartonof12,237.26,JPY,1.71,1,High,2020-7
631,Japan,Eggs,Cartonof12,238.1,JPY,1.71,1,High,2020-8
632,Japan,Eggs,Cartonof12,238.94,JPY,1.72,1,High,2020-9
633,Japan,Eggs,Cartonof12,239.78,JPY,1.73,1,High,2020-10
634,Japan,Eggs,Cartonof12,240.62,JPY,1.73,1,High,2020-11
635,Japan,Eggs,Cartonof12,241.46,JPY,1.74,1,High,2020-12
636,Japan,Eggs,Cartonof12,242.3,JPY,1.74,1,High,2021-1
637,Japan,Eggs,Cartonof12,243.14,JPY,1.75,1,High,2021-2
638,Japan,Eggs,Cartonof12,243.98,JPY,1.76,1,High,2021-3
639,Japan,Eggs,Cartonof12,244.82,JPY,1.76,1,High,2021-4
640,Japan,Eggs,Cartonof12,245.66,JPY,1.77,1,High,2021-5
641,Japan,Eggs,Cartonof12,246.5,JPY,1.77,1,High,2021-6
642,Japan,Eggs,Cartonof12,247.34,JPY,1.78,1,High,2021-7
643,Japan,Eggs,Cartonof12,248.18,JPY,1.79,1,High,2021-8
644,Japan,Eggs,Cartonof12,249.02,JPY,1.79,1,High,2021-9
645,Japan,Eggs,Cartonof12,249.86,JPY,1.8,1,High,2021-10
646,Japan,Eggs,Cartonof12,250.7,JPY,1.81,1,High,2021-11
647,Japan,Eggs,Cartonof12,251.54,JPY,1.81,1,High,2021-12
648,Japan,Eggs,Cartonof12,252.38,JPY,1.82,1,High,2022-1
649,Japan,Eggs,Cartonof12,253.39,JPY,1.82,1,High,2022-2
650,Japan,Eggs,Cartonof12,254.4,JPY,1.83,1,High,2022-3
651,Japan,Eggs,Cartonof12,255.41,JPY,1.84,1,High,2022-4
652,Japan,Eggs,Cartonof12,256.42,JPY,1.85,1,High,2022-5
653,Japan,Eggs,Cartonof12,257.43,JPY,1.85,1,High,2022-6
654,Japan,Eggs,Cartonof12,258.44,JPY,1.86,1,High,2022-7
655,Japan,Eggs,Cartonof12,259.45,JPY,1.87,1,High,2022-8
656,Japan,Eggs,Cartonof12,260.46,JPY,1.88,1,High,2022-9
657,Japan,Eggs,Cartonof12,261.47,JPY,1.88,1,High,2022-10
658,Japan,Eggs,Cartonof12,262.48,JPY,1.89,1,High,2022-11
659,Japan,Eggs,Cartonof12,263.49,JPY,1.9,1,High,2022-12
660,Japan,Potatoes,1Kg,359.95,JPY,2.59,1,High,2018-1
661,Japan,Potatoes,1Kg,360.03,JPY,2.59,1,High,2018-2
662,Japan,Potatoes,1Kg,360.11,JPY,2.59,1,High,2018-3
663,Japan,Potatoes,1Kg,360.19,JPY,2.59,1,High,2018-4
664,Japan,Potatoes,1Kg,360.27,JPY,2.59,1,High,2018-5
665,Japan,Potatoes,1Kg,360.35,JPY,2.59,1,High,2018-6
666,Japan,Potatoes,1Kg,360.43,JPY,2.6,1,High,2018-7
667,Japan,Potatoes,1Kg,360.51,JPY,2.6,1,High,2018-8
668,Japan,Potatoes,1Kg,360.59,JPY,2.6,1,High,2018-9
669,Japan,Potatoes,1Kg,360.67,JPY,2.6,1,High,2018-10
670,Japan,Potatoes,1Kg,360.75,JPY,2.6,1,High,2018-11
671,Japan,Potatoes,1Kg,360.83,JPY,2.6,1,High,2018-12
672,Japan,Potatoes,1Kg,360.91,JPY,2.6,1,High,2019-1
673,Japan,Potatoes,1Kg,362.5,JPY,2.61,1,High,2019-2
674,Japan,Potatoes,1Kg,364.09,JPY,2.62,1,High,2019-3
675,Japan,Potatoes,1Kg,365.68,JPY,2.63,1,High,2019-4
676,Japan,Potatoes,1Kg,367.27,JPY,2.64,1,High,2019-5
677,Japan,Potatoes,1Kg,368.86,JPY,2.66,1,High,2019-6
678,Japan,Potatoes,1Kg,370.45,JPY,2.67,1,High,2019-7
679,Japan,Potatoes,1Kg,372.04,JPY,2.68,1,High,2019-8
680,Japan,Potatoes,1Kg,373.63,JPY,2.69,1,High,2019-9
681,Japan,Potatoes,1Kg,375.22,JPY,2.7,1,High,2019-10
682,Japan,Potatoes,1Kg,376.81,JPY,2.71,1,High,2019-11
683,Japan,Potatoes,1Kg,378.4,JPY,2.72,1,High,2019-12
684,Japan,Potatoes,1Kg,379.99,JPY,2.74,1,High,2020-1
685,Japan,Potatoes,1Kg,380.64,JPY,2.74,1,High,2020-2
686,Japan,Potatoes,1Kg,381.29,JPY,2.75,1,High,2020-3
687,Japan,Potatoes,1Kg,381.94,JPY,2.75,1,High,2020-4
688,Japan,Potatoes,1Kg,382.59,JPY,2.75,1,High,2020-5
689,Japan,Potatoes,1Kg,383.24,JPY,2.76,1,High,2020-6
690,Japan,Potatoes,1Kg,383.89,JPY,2.76,1,High,2020-7
691,Japan,Potatoes,1Kg,384.54,JPY,2.77,1,High,2020-8
692,Japan,Potatoes,1Kg,385.19,JPY,2.77,1,High,2020-9
693,Japan,Potatoes,1Kg,385.84,JPY,2.78,1,High,2020-10
694,Japan,Potatoes,1Kg,386.49,JPY,2.78,1,High,2020-11
695,Japan,Potatoes,1Kg,387.14,JPY,2.79,1,High,2020-12
696,Japan,Potatoes,1Kg,387.79,JPY,2.79,1,High,2021-1
697,Japan,Potatoes,1Kg,388.98,JPY,2.8,1,High,2021-2
698,Japan,Potatoes,1Kg,390.17,JPY,2.81,1,High,2021-3
699,Japan,Potatoes,1Kg,391.36,JPY,2.82,1,High,2021-4
700,Japan,Potatoes,1Kg,392.55,JPY,2.83,1,High,2021-5
701,Japan,Potatoes,1Kg,393.74,JPY,2.83,1,High,2021-6
702,Japan,Potatoes,1Kg,394.93,JPY,2.84,1,High,2021-7
703,Japan,Potatoes,1Kg,396.12,JPY,2.85,1,High,2021-8
704,Japan,Potatoes,1Kg,397.31,JPY,2.86,1,High,2021-9
705,Japan,Potatoes,1Kg,398.5,JPY,2.87,1,High,2021-10
706,Japan,Potatoes,1Kg,399.69,JPY,2.88,1,High,2021-11
707,Japan,Potatoes,1Kg,400.88,JPY,2.89,1,High,2021-12
708,Japan,Potatoes,1Kg,402.07,JPY,2.89,1,High,2022-1
709,Japan,Potatoes,1Kg,403.83,JPY,2.91,1,High,2022-2
710,Japan,Potatoes,1Kg,405.59,JPY,2.92,1,High,2022-3
711,Japan,Potatoes,1Kg,407.35,JPY,2.93,1,High,2022-4
712,Japan,Potatoes,1Kg,409.11,JPY,2.95,1,High,2022-5
713,Japan,Potatoes,1Kg,410.87,JPY,2.96,1,High,2022-6
714,Japan,Potatoes,1Kg,412.63,JPY,2.97,1,High,2022-7
715,Japan,Potatoes,1Kg,414.39,JPY,2.98,1,High,2022-8
716,Japan,Potatoes,1Kg,416.15,JPY,3,1,High,2022-9
717,Japan,Potatoes,1Kg,417.91,JPY,3.01,1,High,2022-10
718,Japan,Potatoes,1Kg,419.67,JPY,3.02,1,High,2022-11
719,Japan,Potatoes,1Kg,421.43,JPY,3.03,1,High,2022-12
720,SouthAfrica,Bread,Loaf,12.57,ZAR,0.69,1,Medium,2018-1
721,SouthAfrica,Bread,Loaf,12.62,ZAR,0.7,1,Medium,2018-2
722,SouthAfrica,Bread,Loaf,12.67,ZAR,0.7,1,Medium,2018-3
723,SouthAfrica,Bread,Loaf,12.73,ZAR,0.7,1,Medium,2018-4
724,SouthAfrica,Bread,Loaf,12.78,ZAR,0.71,1,Medium,2018-5
725,SouthAfrica,Bread,Loaf,12.83,ZAR,0.71,1,Medium,2018-6
726,SouthAfrica,Bread,Loaf,12.88,ZAR,0.71,1,Medium,2018-7
727,SouthAfrica,Bread,Loaf,12.93,ZAR,0.71,1,Medium,2018-8
728,SouthAfrica,Bread,Loaf,12.98,ZAR,0.72,1,Medium,2018-9
729,SouthAfrica,Bread,Loaf,13.04,ZAR,0.72,1,Medium,2018-10
730,SouthAfrica,Bread,Loaf,13.09,ZAR,0.72,1,Medium,2018-11
731,SouthAfrica,Bread,Loaf,13.14,ZAR,0.73,1,Medium,2018-12
732,SouthAfrica,Bread,Loaf,13.19,ZAR,0.73,1,Medium,2019-1
733,SouthAfrica,Bread,Loaf,13.24,ZAR,0.73,1,Medium,2019-2
734,SouthAfrica,Bread,Loaf,13.28,ZAR,0.73,1,Medium,2019-3
735,SouthAfrica,Bread,Loaf,13.33,ZAR,0.74,1,Medium,2019-4
736,SouthAfrica,Bread,Loaf,13.38,ZAR,0.74,1,Medium,2019-5
737,SouthAfrica,Bread,Loaf,13.43,ZAR,0.74,1,Medium,2019-6
738,SouthAfrica,Bread,Loaf,13.47,ZAR,0.74,1,Medium,2019-7
739,SouthAfrica,Bread,Loaf,13.52,ZAR,0.75,1,Medium,2019-8
740,SouthAfrica,Bread,Loaf,13.57,ZAR,0.75,1,Medium,2019-9
741,SouthAfrica,Bread,Loaf,13.61,ZAR,0.75,1,Medium,2019-10
742,SouthAfrica,Bread,Loaf,13.66,ZAR,0.75,1,Medium,2019-11
743,SouthAfrica,Bread,Loaf,13.71,ZAR,0.76,1,Medium,2019-12
744,SouthAfrica,Bread,Loaf,13.75,ZAR,0.76,1,Medium,2020-1
745,SouthAfrica,Bread,Loaf,13.79,ZAR,0.76,1,Medium,2020-2
746,SouthAfrica,Bread,Loaf,13.83,ZAR,0.76,1,Medium,2020-3
747,SouthAfrica,Bread,Loaf,13.87,ZAR,0.77,1,Medium,2020-4
748,SouthAfrica,Bread,Loaf,13.91,ZAR,0.77,1,Medium,2020-5
749,SouthAfrica,Bread,Loaf,13.94,ZAR,0.77,1,Medium,2020-6
750,SouthAfrica,Bread,Loaf,13.98,ZAR,0.77,1,Medium,2020-7
751,SouthAfrica,Bread,Loaf,14.02,ZAR,0.77,1,Medium,2020-8
752,SouthAfrica,Bread,Loaf,14.06,ZAR,0.78,1,Medium,2020-9
753,SouthAfrica,Bread,Loaf,14.1,ZAR,0.78,1,Medium,2020-10
754,SouthAfrica,Bread,Loaf,14.13,ZAR,0.78,1,Medium,2020-11
755,SouthAfrica,Bread,Loaf,14.17,ZAR,0.78,1,Medium,2020-12
756,SouthAfrica,Bread,Loaf,14.21,ZAR,0.78,1,Medium,2021-1
757,SouthAfrica,Bread,Loaf,14.26,ZAR,0.79,1,Medium,2021-2
758,SouthAfrica,Bread,Loaf,14.32,ZAR,0.79,1,Medium,2021-3
759,SouthAfrica,Bread,Loaf,14.38,ZAR,0.79,1,Medium,2021-4
760,SouthAfrica,Bread,Loaf,14.43,ZAR,0.8,1,Medium,2021-5
761,SouthAfrica,Bread,Loaf,14.49,ZAR,0.8,1,Medium,2021-6
762,SouthAfrica,Bread,Loaf,14.54,ZAR,0.8,1,Medium,2021-7
763,SouthAfrica,Bread,Loaf,14.6,ZAR,0.81,1,Medium,2021-8
764,SouthAfrica,Bread,Loaf,14.66,ZAR,0.81,1,Medium,2021-9
765,SouthAfrica,Bread,Loaf,14.71,ZAR,0.81,1,Medium,2021-10
766,SouthAfrica,Bread,Loaf,14.77,ZAR,0.82,1,Medium,2021-11
767,SouthAfrica,Bread,Loaf,14.82,ZAR,0.82,1,Medium,2021-12
768,SouthAfrica,Bread,Loaf,14.88,ZAR,0.82,1,Medium,2022-1
769,SouthAfrica,Bread,Loaf,14.97,ZAR,0.83,1,Medium,2022-2
770,SouthAfrica,Bread,Loaf,15.07,ZAR,0.83,1,Medium,2022-3
771,SouthAfrica,Bread,Loaf,15.17,ZAR,0.84,1,Medium,2022-4
772,SouthAfrica,Bread,Loaf,15.26,ZAR,0.84,1,Medium,2022-5
773,SouthAfrica,Bread,Loaf,15.36,ZAR,0.85,1,Medium,2022-6
774,SouthAfrica,Bread,Loaf,15.45,ZAR,0.85,1,Medium,2022-7
775,SouthAfrica,Bread,Loaf,15.55,ZAR,0.86,1,Medium,2022-8
776,SouthAfrica,Bread,Loaf,15.64,ZAR,0.86,1,Medium,2022-9
777,SouthAfrica,Bread,Loaf,15.74,ZAR,0.87,1,Medium,2022-10
778,SouthAfrica,Bread,Loaf,15.83,ZAR,0.87,1,Medium,2022-11
779,SouthAfrica,Bread,Loaf,15.93,ZAR,0.88,1,Medium,2022-12
780,SouthAfrica,Milk,1L,14.14,ZAR,0.78,1,Medium,2018-1
781,SouthAfrica,Milk,1L,14.17,ZAR,0.78,1,Medium,2018-2
782,SouthAfrica,Milk,1L,14.21,ZAR,0.78,1,Medium,2018-3
783,SouthAfrica,Milk,1L,14.24,ZAR,0.79,1,Medium,2018-4
784,SouthAfrica,Milk,1L,14.27,ZAR,0.79,1,Medium,2018-5
785,SouthAfrica,Milk,1L,14.31,ZAR,0.79,1,Medium,2018-6
786,SouthAfrica,Milk,1L,14.34,ZAR,0.79,1,Medium,2018-7
787,SouthAfrica,Milk,1L,14.37,ZAR,0.79,1,Medium,2018-8
788,SouthAfrica,Milk,1L,14.41,ZAR,0.8,1,Medium,2018-9
789,SouthAfrica,Milk,1L,14.44,ZAR,0.8,1,Medium,2018-10
790,SouthAfrica,Milk,1L,14.47,ZAR,0.8,1,Medium,2018-11
791,SouthAfrica,Milk,1L,14.5,ZAR,0.8,1,Medium,2018-12
792,SouthAfrica,Milk,1L,14.54,ZAR,0.8,1,Medium,2019-1
793,SouthAfrica,Milk,1L,14.57,ZAR,0.8,1,Medium,2019-2
794,SouthAfrica,Milk,1L,14.6,ZAR,0.81,1,Medium,2019-3
795,SouthAfrica,Milk,1L,14.64,ZAR,0.81,1,Medium,2019-4
796,SouthAfrica,Milk,1L,14.67,ZAR,0.81,1,Medium,2019-5
797,SouthAfrica,Milk,1L,14.7,ZAR,0.81,1,Medium,2019-6
798,SouthAfrica,Milk,1L,14.74,ZAR,0.81,1,Medium,2019-7
799,SouthAfrica,Milk,1L,14.77,ZAR,0.82,1,Medium,2019-8
800,SouthAfrica,Milk,1L,14.8,ZAR,0.82,1,Medium,2019-9
801,SouthAfrica,Milk,1L,14.83,ZAR,0.82,1,Medium,2019-10
802,SouthAfrica,Milk,1L,14.87,ZAR,0.82,1,Medium,2019-11
803,SouthAfrica,Milk,1L,14.9,ZAR,0.82,1,Medium,2019-12
804,SouthAfrica,Milk,1L,14.93,ZAR,0.82,1,Medium,2020-1
805,SouthAfrica,Milk,1L,14.98,ZAR,0.83,1,Medium,2020-2
806,SouthAfrica,Milk,1L,15.04,ZAR,0.83,1,Medium,2020-3
807,SouthAfrica,Milk,1L,15.09,ZAR,0.83,1,Medium,2020-4
808,SouthAfrica,Milk,1L,15.14,ZAR,0.84,1,Medium,2020-5
809,SouthAfrica,Milk,1L,15.19,ZAR,0.84,1,Medium,2020-6
810,SouthAfrica,Milk,1L,15.24,ZAR,0.84,1,Medium,2020-7
811,SouthAfrica,Milk,1L,15.29,ZAR,0.84,1,Medium,2020-8
812,SouthAfrica,Milk,1L,15.34,ZAR,0.85,1,Medium,2020-9
813,SouthAfrica,Milk,1L,15.39,ZAR,0.85,1,Medium,2020-10
814,SouthAfrica,Milk,1L,15.45,ZAR,0.85,1,Medium,2020-11
815,SouthAfrica,Milk,1L,15.5,ZAR,0.86,1,Medium,2020-12
816,SouthAfrica,Milk,1L,15.55,ZAR,0.86,1,Medium,2021-1
817,SouthAfrica,Milk,1L,15.61,ZAR,0.86,1,Medium,2021-2
818,SouthAfrica,Milk,1L,15.67,ZAR,0.87,1,Medium,2021-3
819,SouthAfrica,Milk,1L,15.73,ZAR,0.87,1,Medium,2021-4
820,SouthAfrica,Milk,1L,15.79,ZAR,0.87,1,Medium,2021-5
821,SouthAfrica,Milk,1L,15.85,ZAR,0.87,1,Medium,2021-6
822,SouthAfrica,Milk,1L,15.91,ZAR,0.88,1,Medium,2021-7
823,SouthAfrica,Milk,1L,15.97,ZAR,0.88,1,Medium,2021-8
824,SouthAfrica,Milk,1L,16.02,ZAR,0.88,1,Medium,2021-9
825,SouthAfrica,Milk,1L,16.08,ZAR,0.89,1,Medium,2021-10
826,SouthAfrica,Milk,1L,16.14,ZAR,0.89,1,Medium,2021-11
827,SouthAfrica,Milk,1L,16.2,ZAR,0.89,1,Medium,2021-12
828,SouthAfrica,Milk,1L,16.26,ZAR,0.9,1,Medium,2022-1
829,SouthAfrica,Milk,1L,16.34,ZAR,0.9,1,Medium,2022-2
830,SouthAfrica,Milk,1L,16.43,ZAR,0.91,1,Medium,2022-3
831,SouthAfrica,Milk,1L,16.51,ZAR,0.91,1,Medium,2022-4
832,SouthAfrica,Milk,1L,16.59,ZAR,0.92,1,Medium,2022-5
833,SouthAfrica,Milk,1L,16.67,ZAR,0.92,1,Medium,2022-6
834,SouthAfrica,Milk,1L,16.75,ZAR,0.93,1,Medium,2022-7
835,SouthAfrica,Milk,1L,16.83,ZAR,0.93,1,Medium,2022-8
836,SouthAfrica,Milk,1L,16.92,ZAR,0.93,1,Medium,2022-9
837,SouthAfrica,Milk,1L,17,ZAR,0.94,1,Medium,2022-10
838,SouthAfrica,Milk,1L,17.08,ZAR,0.94,1,Medium,2022-11
839,SouthAfrica,Milk,1L,17.16,ZAR,0.95,1,Medium,2022-12
840,SouthAfrica,Eggs,Cartonof12,25.98,ZAR,1.43,1,Medium,2018-1
841,SouthAfrica,Eggs,Cartonof12,26.03,ZAR,1.44,1,Medium,2018-2
842,SouthAfrica,Eggs,Cartonof12,26.07,ZAR,1.44,1,Medium,2018-3
843,SouthAfrica,Eggs,Cartonof12,26.11,ZAR,1.44,1,Medium,2018-4
844,SouthAfrica,Eggs,Cartonof12,26.16,ZAR,1.44,1,Medium,2018-5
845,SouthAfrica,Eggs,Cartonof12,26.2,ZAR,1.45,1,Medium,2018-6
846,SouthAfrica,Eggs,Cartonof12,26.25,ZAR,1.45,1,Medium,2018-7
847,SouthAfrica,Eggs,Cartonof12,26.29,ZAR,1.45,1,Medium,2018-8
848,SouthAfrica,Eggs,Cartonof12,26.34,ZAR,1.45,1,Medium,2018-9
849,SouthAfrica,Eggs,Cartonof12,26.38,ZAR,1.46,1,Medium,2018-10
850,SouthAfrica,Eggs,Cartonof12,26.42,ZAR,1.46,1,Medium,2018-11
851,SouthAfrica,Eggs,Cartonof12,26.47,ZAR,1.46,1,Medium,2018-12
852,SouthAfrica,Eggs,Cartonof12,26.51,ZAR,1.46,1,Medium,2019-1
853,SouthAfrica,Eggs,Cartonof12,26.63,ZAR,1.47,1,Medium,2019-2
854,SouthAfrica,Eggs,Cartonof12,26.74,ZAR,1.48,1,Medium,2019-3
855,SouthAfrica,Eggs,Cartonof12,26.86,ZAR,1.48,1,Medium,2019-4
856,SouthAfrica,Eggs,Cartonof12,26.98,ZAR,1.49,1,Medium,2019-5
857,SouthAfrica,Eggs,Cartonof12,27.09,ZAR,1.5,1,Medium,2019-6
858,SouthAfrica,Eggs,Cartonof12,27.21,ZAR,1.5,1,Medium,2019-7
859,SouthAfrica,Eggs,Cartonof12,27.33,ZAR,1.51,1,Medium,2019-8
860,SouthAfrica,Eggs,Cartonof12,27.44,ZAR,1.52,1,Medium,2019-9
861,SouthAfrica,Eggs,Cartonof12,27.56,ZAR,1.52,1,Medium,2019-10
862,SouthAfrica,Eggs,Cartonof12,27.68,ZAR,1.53,1,Medium,2019-11
863,SouthAfrica,Eggs,Cartonof12,27.79,ZAR,1.53,1,Medium,2019-12
864,SouthAfrica,Eggs,Cartonof12,27.91,ZAR,1.54,1,Medium,2020-1
865,SouthAfrica,Eggs,Cartonof12,27.99,ZAR,1.55,1,Medium,2020-2
866,SouthAfrica,Eggs,Cartonof12,28.07,ZAR,1.55,1,Medium,2020-3
867,SouthAfrica,Eggs,Cartonof12,28.15,ZAR,1.55,1,Medium,2020-4
868,SouthAfrica,Eggs,Cartonof12,28.23,ZAR,1.56,1,Medium,2020-5
869,SouthAfrica,Eggs,Cartonof12,28.31,ZAR,1.56,1,Medium,2020-6
870,SouthAfrica,Eggs,Cartonof12,28.39,ZAR,1.57,1,Medium,2020-7
871,SouthAfrica,Eggs,Cartonof12,28.47,ZAR,1.57,1,Medium,2020-8
872,SouthAfrica,Eggs,Cartonof12,28.54,ZAR,1.58,1,Medium,2020-9
873,SouthAfrica,Eggs,Cartonof12,28.62,ZAR,1.58,1,Medium,2020-10
874,SouthAfrica,Eggs,Cartonof12,28.7,ZAR,1.58,1,Medium,2020-11
875,SouthAfrica,Eggs,Cartonof12,28.78,ZAR,1.59,1,Medium,2020-12
876,SouthAfrica,Eggs,Cartonof12,28.86,ZAR,1.59,1,Medium,2021-1
877,SouthAfrica,Eggs,Cartonof12,28.95,ZAR,1.6,1,Medium,2021-2
878,SouthAfrica,Eggs,Cartonof12,29.05,ZAR,1.6,1,Medium,2021-3
879,SouthAfrica,Eggs,Cartonof12,29.14,ZAR,1.61,1,Medium,2021-4
880,SouthAfrica,Eggs,Cartonof12,29.23,ZAR,1.61,1,Medium,2021-5
881,SouthAfrica,Eggs,Cartonof12,29.32,ZAR,1.62,1,Medium,2021-6
882,SouthAfrica,Eggs,Cartonof12,29.42,ZAR,1.62,1,Medium,2021-7
883,SouthAfrica,Eggs,Cartonof12,29.51,ZAR,1.63,1,Medium,2021-8
884,SouthAfrica,Eggs,Cartonof12,29.6,ZAR,1.63,1,Medium,2021-9
885,SouthAfrica,Eggs,Cartonof12,29.69,ZAR,1.64,1,Medium,2021-10
886,SouthAfrica,Eggs,Cartonof12,29.79,ZAR,1.64,1,Medium,2021-11
887,SouthAfrica,Eggs,Cartonof12,29.88,ZAR,1.65,1,Medium,2021-12
888,SouthAfrica,Eggs,Cartonof12,29.97,ZAR,1.65,1,Medium,2022-1
889,SouthAfrica,Eggs,Cartonof12,30.08,ZAR,1.66,1,Medium,2022-2
890,SouthAfrica,Eggs,Cartonof12,30.2,ZAR,1.67,1,Medium,2022-3
891,SouthAfrica,Eggs,Cartonof12,30.31,ZAR,1.67,1,Medium,2022-4
892,SouthAfrica,Eggs,Cartonof12,30.43,ZAR,1.68,1,Medium,2022-5
893,SouthAfrica,Eggs,Cartonof12,30.54,ZAR,1.69,1,Medium,2022-6
894,SouthAfrica,Eggs,Cartonof12,30.66,ZAR,1.69,1,Medium,2022-7
895,SouthAfrica,Eggs,Cartonof12,30.77,ZAR,1.7,1,Medium,2022-8
896,SouthAfrica,Eggs,Cartonof12,30.89,ZAR,1.71,1,Medium,2022-9
897,SouthAfrica,Eggs,Cartonof12,31,ZAR,1.71,1,Medium,2022-10
898,SouthAfrica,Eggs,Cartonof12,31.12,ZAR,1.72,1,Medium,2022-11
899,SouthAfrica,Eggs,Cartonof12,31.23,ZAR,1.72,1,Medium,2022-12
900,SouthAfrica,Potatoes,1Kg,15.81,ZAR,0.87,1,Medium,2018-1
901,SouthAfrica,Potatoes,1Kg,15.83,ZAR,0.87,1,Medium,2018-2
902,SouthAfrica,Potatoes,1Kg,15.84,ZAR,0.87,1,Medium,2018-3
903,SouthAfrica,Potatoes,1Kg,15.86,ZAR,0.88,1,Medium,2018-4
904,SouthAfrica,Potatoes,1Kg,15.88,ZAR,0.88,1,Medium,2018-5
905,SouthAfrica,Potatoes,1Kg,15.9,ZAR,0.88,1,Medium,2018-6
906,SouthAfrica,Potatoes,1Kg,15.91,ZAR,0.88,1,Medium,2018-7
907,SouthAfrica,Potatoes,1Kg,15.93,ZAR,0.88,1,Medium,2018-8
908,SouthAfrica,Potatoes,1Kg,15.95,ZAR,0.88,1,Medium,2018-9
909,SouthAfrica,Potatoes,1Kg,15.96,ZAR,0.88,1,Medium,2018-10
910,SouthAfrica,Potatoes,1Kg,15.98,ZAR,0.88,1,Medium,2018-11
911,SouthAfrica,Potatoes,1Kg,16,ZAR,0.88,1,Medium,2018-12
912,SouthAfrica,Potatoes,1Kg,16.02,ZAR,0.88,1,Medium,2019-1
913,SouthAfrica,Potatoes,1Kg,16.07,ZAR,0.89,1,Medium,2019-2
914,SouthAfrica,Potatoes,1Kg,16.11,ZAR,0.89,1,Medium,2019-3
915,SouthAfrica,Potatoes,1Kg,16.16,ZAR,0.89,1,Medium,2019-4
916,SouthAfrica,Potatoes,1Kg,16.21,ZAR,0.9,1,Medium,2019-5
917,SouthAfrica,Potatoes,1Kg,16.26,ZAR,0.9,1,Medium,2019-6
918,SouthAfrica,Potatoes,1Kg,16.31,ZAR,0.9,1,Medium,2019-7
919,SouthAfrica,Potatoes,1Kg,16.36,ZAR,0.9,1,Medium,2019-8
920,SouthAfrica,Potatoes,1Kg,16.41,ZAR,0.91,1,Medium,2019-9
921,SouthAfrica,Potatoes,1Kg,16.45,ZAR,0.91,1,Medium,2019-10
922,SouthAfrica,Potatoes,1Kg,16.5,ZAR,0.91,1,Medium,2019-11
923,SouthAfrica,Potatoes,1Kg,16.55,ZAR,0.91,1,Medium,2019-12
924,SouthAfrica,Potatoes,1Kg,17.13,ZAR,0.95,1,Medium,2020-1
925,SouthAfrica,Potatoes,1Kg,17.18,ZAR,0.95,1,Medium,2020-2
926,SouthAfrica,Potatoes,1Kg,17.23,ZAR,0.95,1,Medium,2020-3
927,SouthAfrica,Potatoes,1Kg,17.28,ZAR,0.95,1,Medium,2020-4
928,SouthAfrica,Potatoes,1Kg,17.33,ZAR,0.96,1,Medium,2020-5
929,SouthAfrica,Potatoes,1Kg,17.38,ZAR,0.96,1,Medium,2020-6
930,SouthAfrica,Potatoes,1Kg,17.43,ZAR,0.96,1,Medium,2020-7
931,SouthAfrica,Potatoes,1Kg,17.47,ZAR,0.96,1,Medium,2020-8
932,SouthAfrica,Potatoes,1Kg,17.52,ZAR,0.97,1,Medium,2020-9
933,SouthAfrica,Potatoes,1Kg,17.57,ZAR,0.97,1,Medium,2020-10
934,SouthAfrica,Potatoes,1Kg,17.62,ZAR,0.97,1,Medium,2020-11
935,SouthAfrica,Potatoes,1Kg,17.67,ZAR,0.98,1,Medium,2020-12
936,SouthAfrica,Potatoes,1Kg,17.72,ZAR,0.98,1,Medium,2021-1
937,SouthAfrica,Potatoes,1Kg,17.78,ZAR,0.98,1,Medium,2021-2
938,SouthAfrica,Potatoes,1Kg,17.83,ZAR,0.98,1,Medium,2021-3
939,SouthAfrica,Potatoes,1Kg,17.89,ZAR,0.99,1,Medium,2021-4
940,SouthAfrica,Potatoes,1Kg,17.95,ZAR,0.99,1,Medium,2021-5
941,SouthAfrica,Potatoes,1Kg,18.01,ZAR,0.99,1,Medium,2021-6
942,SouthAfrica,Potatoes,1Kg,18.07,ZAR,1,1,Medium,2021-7
943,SouthAfrica,Potatoes,1Kg,18.13,ZAR,1,1,Medium,2021-8
944,SouthAfrica,Potatoes,1Kg,18.18,ZAR,1,1,Medium,2021-9
945,SouthAfrica,Potatoes,1Kg,18.24,ZAR,1.01,1,Medium,2021-10
946,SouthAfrica,Potatoes,1Kg,18.3,ZAR,1.01,1,Medium,2021-11
947,SouthAfrica,Potatoes,1Kg,18.36,ZAR,1.01,1,Medium,2021-12
948,SouthAfrica,Potatoes,1Kg,18.42,ZAR,1.02,1,Medium,2022-1
949,SouthAfrica,Potatoes,1Kg,18.5,ZAR,1.02,1,Medium,2022-2
950,SouthAfrica,Potatoes,1Kg,18.59,ZAR,1.03,1,Medium,2022-3
951,SouthAfrica,Potatoes,1Kg,18.67,ZAR,1.03,1,Medium,2022-4
952,SouthAfrica,Potatoes,1Kg,18.75,ZAR,1.04,1,Medium,2022-5
953,SouthAfrica,Potatoes,1Kg,18.84,ZAR,1.04,1,Medium,2022-6
954,SouthAfrica,Potatoes,1Kg,18.92,ZAR,1.04,1,Medium,2022-7
955,SouthAfrica,Potatoes,1Kg,19,ZAR,1.05,1,Medium,2022-8
956,SouthAfrica,Potatoes,1Kg,19.09,ZAR,1.05,1,Medium,2022-9
957,SouthAfrica,Potatoes,1Kg,19.17,ZAR,1.06,1,Medium,2022-10
958,SouthAfrica,Potatoes,1Kg,19.26,ZAR,1.06,1,Medium,2022-11
959,SouthAfrica,Potatoes,1Kg,19.34,ZAR,1.07,1,Medium,2022-12
960,Canada,Bread,Loaf,2.87,CAD,2.18,1,High,2018-1
961,Canada,Bread,Loaf,2.88,CAD,2.19,1,High,2018-2
962,Canada,Bread,Loaf,2.88,CAD,2.19,1,High,2018-3
963,Canada,Bread,Loaf,2.89,CAD,2.19,1,High,2018-4
964,Canada,Bread,Loaf,2.89,CAD,2.2,1,High,2018-5
965,Canada,Bread,Loaf,2.9,CAD,2.2,1,High,2018-6
966,Canada,Bread,Loaf,2.9,CAD,2.21,1,High,2018-7
967,Canada,Bread,Loaf,2.91,CAD,2.21,1,High,2018-8
968,Canada,Bread,Loaf,2.91,CAD,2.21,1,High,2018-9
969,Canada,Bread,Loaf,2.92,CAD,2.22,1,High,2018-10
970,Canada,Bread,Loaf,2.92,CAD,2.22,1,High,2018-11
971,Canada,Bread,Loaf,2.93,CAD,2.23,1,High,2018-12
972,Canada,Bread,Loaf,2.94,CAD,2.23,1,High,2019-1
973,Canada,Bread,Loaf,2.94,CAD,2.24,1,High,2019-2
974,Canada,Bread,Loaf,2.95,CAD,2.24,1,High,2019-3
975,Canada,Bread,Loaf,2.96,CAD,2.25,1,High,2019-4
976,Canada,Bread,Loaf,2.97,CAD,2.25,1,High,2019-5
977,Canada,Bread,Loaf,2.97,CAD,2.26,1,High,2019-6
978,Canada,Bread,Loaf,2.98,CAD,2.27,1,High,2019-7
979,Canada,Bread,Loaf,2.99,CAD,2.27,1,High,2019-8
980,Canada,Bread,Loaf,3,CAD,2.28,1,High,2019-9
981,Canada,Bread,Loaf,3,CAD,2.28,1,High,2019-10
982,Canada,Bread,Loaf,3.01,CAD,2.29,1,High,2019-11
983,Canada,Bread,Loaf,3.02,CAD,2.29,1,High,2019-12
984,Canada,Bread,Loaf,3.03,CAD,2.3,1,High,2020-1
985,Canada,Bread,Loaf,3.03,CAD,2.3,1,High,2020-2
986,Canada,Bread,Loaf,3.03,CAD,2.3,1,High,2020-3
987,Canada,Bread,Loaf,3.03,CAD,2.3,1,High,2020-4
988,Canada,Bread,Loaf,3.03,CAD,2.31,1,High,2020-5
989,Canada,Bread,Loaf,3.04,CAD,2.31,1,High,2020-6
990,Canada,Bread,Loaf,3.04,CAD,2.31,1,High,2020-7
991,Canada,Bread,Loaf,3.04,CAD,2.31,1,High,2020-8
992,Canada,Bread,Loaf,3.04,CAD,2.31,1,High,2020-9
993,Canada,Bread,Loaf,3.04,CAD,2.31,1,High,2020-10
994,Canada,Bread,Loaf,3.04,CAD,2.31,1,High,2020-11
995,Canada,Bread,Loaf,3.05,CAD,2.31,1,High,2020-12
996,Canada,Bread,Loaf,3.05,CAD,2.32,1,High,2021-1
997,Canada,Bread,Loaf,3.06,CAD,2.32,1,High,2021-2
998,Canada,Bread,Loaf,3.07,CAD,2.33,1,High,2021-3
999,Canada,Bread,Loaf,3.08,CAD,2.34,1,High,2021-4
1000,Canada,Bread,Loaf,3.08,CAD,2.34,1,High,2021-5
1001,Canada,Bread,Loaf,3.09,CAD,2.35,1,High,2021-6
1002,Canada,Bread,Loaf,3.1,CAD,2.36,1,High,2021-7
1003,Canada,Bread,Loaf,3.11,CAD,2.37,1,High,2021-8
1004,Canada,Bread,Loaf,3.12,CAD,2.37,1,High,2021-9
1005,Canada,Bread,Loaf,3.13,CAD,2.38,1,High,2021-10
1006,Canada,Bread,Loaf,3.14,CAD,2.39,1,High,2021-11
1007,Canada,Bread,Loaf,3.15,CAD,2.39,1,High,2021-12
1008,Canada,Bread,Loaf,3.16,CAD,2.4,1,High,2022-1
1009,Canada,Bread,Loaf,3.17,CAD,2.41,1,High,2022-2
1010,Canada,Bread,Loaf,3.18,CAD,2.41,1,High,2022-3
1011,Canada,Bread,Loaf,3.19,CAD,2.42,1,High,2022-4
1012,Canada,Bread,Loaf,3.2,CAD,2.43,1,High,2022-5
1013,Canada,Bread,Loaf,3.2,CAD,2.44,1,High,2022-6
1014,Canada,Bread,Loaf,3.21,CAD,2.44,1,High,2022-7
1015,Canada,Bread,Loaf,3.22,CAD,2.45,1,High,2022-8
1016,Canada,Bread,Loaf,3.23,CAD,2.46,1,High,2022-9
1017,Canada,Bread,Loaf,3.24,CAD,2.46,1,High,2022-10
1018,Canada,Bread,Loaf,3.25,CAD,2.47,1,High,2022-11
1019,Canada,Bread,Loaf,3.26,CAD,2.48,1,High,2022-12
1020,Canada,Milk,1Kg,2.42,CAD,1.84,1,High,2018-1
1021,Canada,Milk,1Kg,2.43,CAD,1.85,1,High,2018-2
1022,Canada,Milk,1Kg,2.43,CAD,1.85,1,High,2018-3
1023,Canada,Milk,1Kg,2.44,CAD,1.85,1,High,2018-4
1024,Canada,Milk,1Kg,2.44,CAD,1.86,1,High,2018-5
1025,Canada,Milk,1Kg,2.45,CAD,1.86,1,High,2018-6
1026,Canada,Milk,1Kg,2.46,CAD,1.87,1,High,2018-7
1027,Canada,Milk,1Kg,2.46,CAD,1.87,1,High,2018-8
1028,Canada,Milk,1Kg,2.47,CAD,1.87,1,High,2018-9
1029,Canada,Milk,1Kg,2.47,CAD,1.88,1,High,2018-10
1030,Canada,Milk,1Kg,2.48,CAD,1.88,1,High,2018-11
1031,Canada,Milk,1Kg,2.48,CAD,1.89,1,High,2018-12
1032,Canada,Milk,1Kg,2.49,CAD,1.89,1,High,2019-1
1033,Canada,Milk,1Kg,2.49,CAD,1.89,1,High,2019-2
1034,Canada,Milk,1Kg,2.5,CAD,1.9,1,High,2019-3
1035,Canada,Milk,1Kg,2.5,CAD,1.9,1,High,2019-4
1036,Canada,Milk,1Kg,2.51,CAD,1.91,1,High,2019-5
1037,Canada,Milk,1Kg,2.51,CAD,1.91,1,High,2019-6
1038,Canada,Milk,1Kg,2.52,CAD,1.91,1,High,2019-7
1039,Canada,Milk,1Kg,2.53,CAD,1.92,1,High,2019-8
1040,Canada,Milk,1Kg,2.53,CAD,1.92,1,High,2019-9
1041,Canada,Milk,1Kg,2.54,CAD,1.93,1,High,2019-10
1042,Canada,Milk,1Kg,2.54,CAD,1.93,1,High,2019-11
1043,Canada,Milk,1Kg,2.55,CAD,1.94,1,High,2019-12
1044,Canada,Milk,1Kg,2.55,CAD,1.94,1,High,2020-1
1045,Canada,Milk,1Kg,2.55,CAD,1.94,1,High,2020-2
1046,Canada,Milk,1Kg,2.55,CAD,1.94,1,High,2020-3
1047,Canada,Milk,1Kg,2.56,CAD,1.94,1,High,2020-4
1048,Canada,Milk,1Kg,2.56,CAD,1.94,1,High,2020-5
1049,Canada,Milk,1Kg,2.56,CAD,1.94,1,High,2020-6
1050,Canada,Milk,1Kg,2.56,CAD,1.95,1,High,2020-7
1051,Canada,Milk,1Kg,2.56,CAD,1.95,1,High,2020-8
1052,Canada,Milk,1Kg,2.56,CAD,1.95,1,High,2020-9
1053,Canada,Milk,1Kg,2.57,CAD,1.95,1,High,2020-10
1054,Canada,Milk,1Kg,2.57,CAD,1.95,1,High,2020-11
1055,Canada,Milk,1Kg,2.57,CAD,1.95,1,High,2020-12
1056,Canada,Milk,1Kg,2.57,CAD,1.95,1,High,2021-1
1057,Canada,Milk,1Kg,2.58,CAD,1.96,1,High,2021-2
1058,Canada,Milk,1Kg,2.59,CAD,1.97,1,High,2021-3
1059,Canada,Milk,1Kg,2.59,CAD,1.97,1,High,2021-4
1060,Canada,Milk,1Kg,2.6,CAD,1.98,1,High,2021-5
1061,Canada,Milk,1Kg,2.61,CAD,1.98,1,High,2021-6
1062,Canada,Milk,1Kg,2.62,CAD,1.99,1,High,2021-7
1063,Canada,Milk,1Kg,2.63,CAD,2,1,High,2021-8
1064,Canada,Milk,1Kg,2.64,CAD,2,1,High,2021-9
1065,Canada,Milk,1Kg,2.64,CAD,2.01,1,High,2021-10
1066,Canada,Milk,1Kg,2.65,CAD,2.02,1,High,2021-11
1067,Canada,Milk,1Kg,2.66,CAD,2.02,1,High,2021-12
1068,Canada,Milk,1Kg,2.67,CAD,2.03,1,High,2022-1
1069,Canada,Milk,1Kg,2.68,CAD,2.03,1,High,2022-2
1070,Canada,Milk,1Kg,2.69,CAD,2.04,1,High,2022-3
1071,Canada,Milk,1Kg,2.69,CAD,2.05,1,High,2022-4
1072,Canada,Milk,1Kg,2.7,CAD,2.05,1,High,2022-5
1073,Canada,Milk,1Kg,2.71,CAD,2.06,1,High,2022-6
1074,Canada,Milk,1Kg,2.72,CAD,2.07,1,High,2022-7
1075,Canada,Milk,1Kg,2.73,CAD,2.07,1,High,2022-8
1076,Canada,Milk,1Kg,2.74,CAD,2.08,1,High,2022-9
1077,Canada,Milk,1Kg,2.74,CAD,2.09,1,High,2022-10
1078,Canada,Milk,1Kg,2.75,CAD,2.09,1,High,2022-11
1079,Canada,Milk,1Kg,2.76,CAD,2.1,1,High,2022-12
1080,Canada,Eggs,Cartonof12,3.79,CAD,2.88,1,High,2018-1
1081,Canada,Eggs,Cartonof12,3.79,CAD,2.88,1,High,2018-2
1082,Canada,Eggs,Cartonof12,3.8,CAD,2.89,1,High,2018-3
1083,Canada,Eggs,Cartonof12,3.81,CAD,2.89,1,High,2018-4
1084,Canada,Eggs,Cartonof12,3.81,CAD,2.9,1,High,2018-5
1085,Canada,Eggs,Cartonof12,3.82,CAD,2.9,1,High,2018-6
1086,Canada,Eggs,Cartonof12,3.83,CAD,2.91,1,High,2018-7
1087,Canada,Eggs,Cartonof12,3.83,CAD,2.91,1,High,2018-8
1088,Canada,Eggs,Cartonof12,3.84,CAD,2.92,1,High,2018-9
1089,Canada,Eggs,Cartonof12,3.85,CAD,2.92,1,High,2018-10
1090,Canada,Eggs,Cartonof12,3.85,CAD,2.93,1,High,2018-11
1091,Canada,Eggs,Cartonof12,3.86,CAD,2.93,1,High,2018-12
1092,Canada,Eggs,Cartonof12,3.87,CAD,2.94,1,High,2019-1
1093,Canada,Eggs,Cartonof12,3.87,CAD,2.94,1,High,2019-2
1094,Canada,Eggs,Cartonof12,3.88,CAD,2.95,1,High,2019-3
1095,Canada,Eggs,Cartonof12,3.88,CAD,2.95,1,High,2019-4
1096,Canada,Eggs,Cartonof12,3.89,CAD,2.96,1,High,2019-5
1097,Canada,Eggs,Cartonof12,3.9,CAD,2.96,1,High,2019-6
1098,Canada,Eggs,Cartonof12,3.9,CAD,2.97,1,High,2019-7
1099,Canada,Eggs,Cartonof12,3.91,CAD,2.97,1,High,2019-8
1100,Canada,Eggs,Cartonof12,3.92,CAD,2.98,1,High,2019-9
1101,Canada,Eggs,Cartonof12,3.92,CAD,2.98,1,High,2019-10
1102,Canada,Eggs,Cartonof12,3.93,CAD,2.99,1,High,2019-11
1103,Canada,Eggs,Cartonof12,3.94,CAD,2.99,1,High,2019-12
1104,Canada,Eggs,Cartonof12,3.94,CAD,3,1,High,2020-1
1105,Canada,Eggs,Cartonof12,3.95,CAD,3,1,High,2020-2
1106,Canada,Eggs,Cartonof12,3.95,CAD,3,1,High,2020-3
1107,Canada,Eggs,Cartonof12,3.95,CAD,3,1,High,2020-4
1108,Canada,Eggs,Cartonof12,3.95,CAD,3,1,High,2020-5
1109,Canada,Eggs,Cartonof12,3.96,CAD,3.01,1,High,2020-6
1110,Canada,Eggs,Cartonof12,3.96,CAD,3.01,1,High,2020-7
1111,Canada,Eggs,Cartonof12,3.96,CAD,3.01,1,High,2020-8
1112,Canada,Eggs,Cartonof12,3.96,CAD,3.01,1,High,2020-9
1113,Canada,Eggs,Cartonof12,3.96,CAD,3.01,1,High,2020-10
1114,Canada,Eggs,Cartonof12,3.97,CAD,3.02,1,High,2020-11
1115,Canada,Eggs,Cartonof12,3.97,CAD,3.02,1,High,2020-12
1116,Canada,Eggs,Cartonof12,3.97,CAD,3.02,1,High,2021-1
1117,Canada,Eggs,Cartonof12,3.98,CAD,3.03,1,High,2021-2
1118,Canada,Eggs,Cartonof12,3.99,CAD,3.04,1,High,2021-3
1119,Canada,Eggs,Cartonof12,4.01,CAD,3.04,1,High,2021-4
1120,Canada,Eggs,Cartonof12,4.02,CAD,3.05,1,High,2021-5
1121,Canada,Eggs,Cartonof12,4.03,CAD,3.06,1,High,2021-6
1122,Canada,Eggs,Cartonof12,4.04,CAD,3.07,1,High,2021-7
1123,Canada,Eggs,Cartonof12,4.05,CAD,3.08,1,High,2021-8
1124,Canada,Eggs,Cartonof12,4.06,CAD,3.09,1,High,2021-9
1125,Canada,Eggs,Cartonof12,4.07,CAD,3.1,1,High,2021-10
1126,Canada,Eggs,Cartonof12,4.08,CAD,3.1,1,High,2021-11
1127,Canada,Eggs,Cartonof12,4.1,CAD,3.11,1,High,2021-12
1128,Canada,Eggs,Cartonof12,4.11,CAD,3.12,1,High,2022-1
1129,Canada,Eggs,Cartonof12,4.12,CAD,3.13,1,High,2022-2
1130,Canada,Eggs,Cartonof12,4.14,CAD,3.15,1,High,2022-3
1131,Canada,Eggs,Cartonof12,4.15,CAD,3.16,1,High,2022-4
1132,Canada,Eggs,Cartonof12,4.17,CAD,3.17,1,High,2022-5
1133,Canada,Eggs,Cartonof12,4.19,CAD,3.18,1,High,2022-6
1134,Canada,Eggs,Cartonof12,4.2,CAD,3.19,1,High,2022-7
1135,Canada,Eggs,Cartonof12,4.22,CAD,3.21,1,High,2022-8
1136,Canada,Eggs,Cartonof12,4.23,CAD,3.22,1,High,2022-9
1137,Canada,Eggs,Cartonof12,4.25,CAD,3.23,1,High,2022-10
1138,Canada,Eggs,Cartonof12,4.26,CAD,3.24,1,High,2022-11
1139,Canada,Eggs,Cartonof12,4.28,CAD,3.25,1,High,2022-12
1140,Canada,Potatoes,1Kg,2.85,CAD,2.16,1,High,2018-1
1141,Canada,Potatoes,1Kg,2.85,CAD,2.17,1,High,2018-2
1142,Canada,Potatoes,1Kg,2.86,CAD,2.17,1,High,2018-3
1143,Canada,Potatoes,1Kg,2.86,CAD,2.18,1,High,2018-4
1144,Canada,Potatoes,1Kg,2.87,CAD,2.18,1,High,2018-5
1145,Canada,Potatoes,1Kg,2.87,CAD,2.18,1,High,2018-6
1146,Canada,Potatoes,1Kg,2.88,CAD,2.19,1,High,2018-7
1147,Canada,Potatoes,1Kg,2.88,CAD,2.19,1,High,2018-8
1148,Canada,Potatoes,1Kg,2.89,CAD,2.19,1,High,2018-9
1149,Canada,Potatoes,1Kg,2.89,CAD,2.2,1,High,2018-10
1150,Canada,Potatoes,1Kg,2.9,CAD,2.2,1,High,2018-11
1151,Canada,Potatoes,1Kg,2.9,CAD,2.21,1,High,2018-12
1152,Canada,Potatoes,1Kg,2.91,CAD,2.21,1,High,2019-1
1153,Canada,Potatoes,1Kg,2.91,CAD,2.21,1,High,2019-2
1154,Canada,Potatoes,1Kg,2.92,CAD,2.22,1,High,2019-3
1155,Canada,Potatoes,1Kg,2.92,CAD,2.22,1,High,2019-4
1156,Canada,Potatoes,1Kg,2.93,CAD,2.22,1,High,2019-5
1157,Canada,Potatoes,1Kg,2.93,CAD,2.23,1,High,2019-6
1158,Canada,Potatoes,1Kg,2.94,CAD,2.23,1,High,2019-7
1159,Canada,Potatoes,1Kg,2.94,CAD,2.24,1,High,2019-8
1160,Canada,Potatoes,1Kg,2.95,CAD,2.24,1,High,2019-9
1161,Canada,Potatoes,1Kg,2.95,CAD,2.24,1,High,2019-10
1162,Canada,Potatoes,1Kg,2.96,CAD,2.25,1,High,2019-11
1163,Canada,Potatoes,1Kg,2.96,CAD,2.25,1,High,2019-12
1164,Canada,Potatoes,1Kg,2.97,CAD,2.26,1,High,2020-1
1165,Canada,Potatoes,1Kg,2.97,CAD,2.26,1,High,2020-2
1166,Canada,Potatoes,1Kg,2.97,CAD,2.26,1,High,2020-3
1167,Canada,Potatoes,1Kg,2.97,CAD,2.26,1,High,2020-4
1168,Canada,Potatoes,1Kg,2.97,CAD,2.26,1,High,2020-5
1169,Canada,Potatoes,1Kg,2.98,CAD,2.26,1,High,2020-6
1170,Canada,Potatoes,1Kg,2.98,CAD,2.26,1,High,2020-7
1171,Canada,Potatoes,1Kg,2.98,CAD,2.26,1,High,2020-8
1172,Canada,Potatoes,1Kg,2.98,CAD,2.27,1,High,2020-9
1173,Canada,Potatoes,1Kg,2.98,CAD,2.27,1,High,2020-10
1174,Canada,Potatoes,1Kg,2.98,CAD,2.27,1,High,2020-11
1175,Canada,Potatoes,1Kg,2.99,CAD,2.27,1,High,2020-12
1176,Canada,Potatoes,1Kg,2.99,CAD,2.27,1,High,2021-1
1177,Canada,Potatoes,1Kg,3,CAD,2.28,1,High,2021-2
1178,Canada,Potatoes,1Kg,3.01,CAD,2.28,1,High,2021-3
1179,Canada,Potatoes,1Kg,3.01,CAD,2.29,1,High,2021-4
1180,Canada,Potatoes,1Kg,3.02,CAD,2.3,1,High,2021-5
1181,Canada,Potatoes,1Kg,3.03,CAD,2.3,1,High,2021-6
1182,Canada,Potatoes,1Kg,3.04,CAD,2.31,1,High,2021-7
1183,Canada,Potatoes,1Kg,3.05,CAD,2.32,1,High,2021-8
1184,Canada,Potatoes,1Kg,3.06,CAD,2.32,1,High,2021-9
1185,Canada,Potatoes,1Kg,3.06,CAD,2.33,1,High,2021-10
1186,Canada,Potatoes,1Kg,3.07,CAD,2.34,1,High,2021-11
1187,Canada,Potatoes,1Kg,3.08,CAD,2.34,1,High,2021-12
1188,Canada,Potatoes,1Kg,3.09,CAD,2.35,1,High,2022-1
1189,Canada,Potatoes,1Kg,3.1,CAD,2.36,1,High,2022-2
1190,Canada,Potatoes,1Kg,3.11,CAD,2.37,1,High,2022-3
1191,Canada,Potatoes,1Kg,3.13,CAD,2.38,1,High,2022-4
1192,Canada,Potatoes,1Kg,3.14,CAD,2.38,1,High,2022-5
1193,Canada,Potatoes,1Kg,3.15,CAD,2.39,1,High,2022-6
1194,Canada,Potatoes,1Kg,3.16,CAD,2.4,1,High,2022-7
1195,Canada,Potatoes,1Kg,3.17,CAD,2.41,1,High,2022-8
1196,Canada,Potatoes,1Kg,3.18,CAD,2.42,1,High,2022-9
1197,Canada,Potatoes,1Kg,3.2,CAD,2.43,1,High,2022-10
1198,Canada,Potatoes,1Kg,3.21,CAD,2.44,1,High,2022-11
1199,Canada,Potatoes,1Kg,3.22,CAD,2.45,1,High,2022-12
